experiment,algorithm,scenario,seed,measurement_seed,model_training_seed,seed_scope,level,failure_mode,sample_count,mean_error,rmse,median_error,p90_error,max_error,los_mean_error,nlos_mean_error,mean_error_geometric_baseline,mean_error_change_vs_geometric,mean_error_absolute_improvement,mean_error_percent_improvement,absolute_error_change,absolute_improvement,percent_improvement,evaluation_split,inference_time_ms,training_time_s,model_size_mb
noise,Geometric LS,RSS noise,42,42,42,fixed_root_model_across_measurement_seeds,0.5,not_applicable,450,4.787941232761692,5.401940396075357,4.510634342297042,7.18217509275071,15.04201661963874,3.174573258564431,5.196900802822836,4.787941232761692,0.0,0.0,0.0,0.0,0.0,0.0,spatial_holdout_subset,2.7179000007890863,1.1000010999850929e-06,0.0006723403930664
noise,KNN,RSS noise,42,42,42,fixed_root_model_across_measurement_seeds,0.5,not_applicable,450,7.474513371833258,8.047231966413605,7.111688218427712,11.961733206106594,16.87481631714599,6.897118044759544,7.620872633013503,4.787941232761692,2.6865721390715667,-2.6865721390715667,-56.11121792156894,2.6865721390715667,-2.6865721390715667,-56.11121792156894,spatial_holdout_subset,1.4408000006369548,2.932251500000348,4.341403007507324
noise,Direct AI,RSS noise,42,42,42,fixed_root_model_across_measurement_seeds,0.5,not_applicable,450,5.618934846086568,6.057073980470834,5.242670855447191,8.888651394497282,12.585880746621337,6.166887325335512,5.480038813742129,4.787941232761692,0.8309936133248765,-0.8309936133248765,-17.355969359831892,0.8309936133248765,-0.8309936133248765,-17.355969359831892,spatial_holdout_subset,1.3431000006676186,13.687198300000093,0.163121223449707
noise,Residual AI,RSS noise,42,42,42,fixed_root_model_across_measurement_seeds,0.5,not_applicable,450,7.203782767506781,7.687385702690047,7.189144796336204,10.190764493125792,16.112881759532367,6.938731216055445,7.270968536816172,4.787941232761692,2.415841534745089,-2.415841534745089,-50.4567917044301,2.415841534745089,-2.415841534745089,-50.4567917044301,spatial_holdout_subset,14.381799999682698,11.41880889999993,207.80677700042725
noise,Geometric LS,RSS noise,42,42,42,fixed_root_model_across_measurement_seeds,1.0,not_applicable,450,4.917957611840976,5.62358809597405,4.529873154778296,7.9137190602431104,15.51591714600132,3.0674584332811143,5.387025648746123,4.917957611840976,0.0,0.0,0.0,0.0,0.0,0.0,spatial_holdout_subset,2.7179000007890863,1.1000010999850929e-06,0.0006723403930664
noise,KNN,RSS noise,42,42,42,fixed_root_model_across_measurement_seeds,1.0,not_applicable,450,7.517968675040938,8.088863085352566,7.180163873590047,11.892794373409146,16.826474287586223,6.911062135343393,7.671808494295749,4.917957611840976,2.600011063199963,-2.600011063199963,-52.86769973250504,2.600011063199963,-2.600011063199963,-52.86769973250504,spatial_holdout_subset,1.4408000006369548,2.932251500000348,4.341403007507324
noise,Direct AI,RSS noise,42,42,42,fixed_root_model_across_measurement_seeds,1.0,not_applicable,450,5.667096263796839,6.099871687027883,5.396004045849542,8.940084052139959,12.55808159894586,6.144328520781473,5.546126527346696,4.917957611840976,0.7491386519558629,-0.7491386519558629,-15.23271876423173,0.7491386519558629,-0.7491386519558629,-15.23271876423173,spatial_holdout_subset,1.3431000006676186,13.687198300000093,0.163121223449707
noise,Residual AI,RSS noise,42,42,42,fixed_root_model_across_measurement_seeds,1.0,not_applicable,450,7.323018889276666,7.803206166080087,7.246507439705079,10.47633713151996,16.060352853646062,6.95747627157304,7.415677324404884,4.917957611840976,2.4050612774356903,-2.4050612774356903,-48.903660162605306,2.4050612774356903,-2.4050612774356903,-48.903660162605306,spatial_holdout_subset,14.381799999682698,11.41880889999993,207.80677700042725
noise,Geometric LS,RSS noise,42,42,42,fixed_root_model_across_measurement_seeds,2.0,not_applicable,450,5.1673802277436485,5.9453232231168185,4.7350366417009,8.80688084765321,15.515917145923853,3.0360885963195856,5.707624067463954,5.1673802277436485,0.0,0.0,0.0,0.0,0.0,0.0,spatial_holdout_subset,2.7179000007890863,1.1000010999850929e-06,0.0006723403930664
noise,KNN,RSS noise,42,42,42,fixed_root_model_across_measurement_seeds,2.0,not_applicable,450,7.789499445338913,8.352801793991711,7.417460362464621,11.946631925568434,16.829567236460118,7.157093635881259,7.949802867791966,5.1673802277436485,2.622119217595264,-2.622119217595264,-50.74368639484113,2.622119217595264,-2.622119217595264,-50.74368639484113,spatial_holdout_subset,1.4408000006369548,2.932251500000348,4.341403007507324
noise,Direct AI,RSS noise,42,42,42,fixed_root_model_across_measurement_seeds,2.0,not_applicable,450,5.812275078862559,6.2717774382741895,5.709722095001952,9.029982203295928,12.501378371295088,6.078478076580468,5.744797438772506,5.1673802277436485,0.6448948511189103,-0.6448948511189103,-12.480112217337362,0.6448948511189103,-0.6448948511189103,-12.480112217337362,spatial_holdout_subset,1.3431000006676186,13.687198300000093,0.163121223449707
noise,Residual AI,RSS noise,42,42,42,fixed_root_model_across_measurement_seeds,2.0,not_applicable,450,7.580003451370193,8.039202728926535,7.489825407453311,10.799984681976277,16.19024133206357,7.0518309327067,7.713885621839212,5.1673802277436485,2.412623223626545,-2.412623223626545,-46.68948514129419,2.412623223626545,-2.412623223626545,-46.68948514129419,spatial_holdout_subset,14.381799999682698,11.41880889999993,207.80677700042725
noise,Geometric LS,RSS noise,42,42,42,fixed_root_model_across_measurement_seeds,3.0,not_applicable,450,5.641392615955336,6.620887488744157,4.789502691310911,10.890629905572531,24.32499489703242,3.372359261593067,6.21655148850956,5.641392615955336,0.0,0.0,0.0,0.0,0.0,0.0,spatial_holdout_subset,2.7179000007890863,1.1000010999850929e-06,0.0006723403930664
noise,KNN,RSS noise,42,42,42,fixed_root_model_across_measurement_seeds,3.0,not_applicable,450,8.085465891991152,8.650870826726006,7.7403221398086846,12.274562767777969,16.788176814142957,7.560918815682855,8.218429078464842,5.641392615955336,2.444073276035816,-2.444073276035816,-43.32393510643696,2.444073276035816,-2.444073276035816,-43.32393510643696,spatial_holdout_subset,1.4408000006369548,2.932251500000348,4.341403007507324
noise,Direct AI,RSS noise,42,42,42,fixed_root_model_across_measurement_seeds,3.0,not_applicable,450,6.04195478967744,6.572454651413156,5.923768792418581,9.647514234630131,13.762015524367568,6.094502129926131,6.0286349903386345,5.641392615955336,0.4005621737221032,-0.4005621737221032,-7.100412982943404,0.4005621737221032,-0.4005621737221032,-7.100412982943404,spatial_holdout_subset,1.3431000006676186,13.687198300000093,0.163121223449707
noise,Residual AI,RSS noise,42,42,42,fixed_root_model_across_measurement_seeds,3.0,not_applicable,450,7.937594976553115,8.401319229869474,7.80297159256964,11.460585791589306,16.66707991591729,7.189574571262613,8.127204605749313,5.641392615955336,2.2962023605977784,-2.2962023605977784,-40.70275757981312,2.2962023605977784,-2.2962023605977784,-40.70275757981312,spatial_holdout_subset,14.381799999682698,11.41880889999993,207.80677700042725
noise,Geometric LS,RSS noise,42,42,42,fixed_root_model_across_measurement_seeds,5.0,not_applicable,450,6.65541273016964,7.824078091175907,5.503188876861167,12.7981974676047,26.19068889972657,4.514191674288624,7.198173499209116,6.65541273016964,0.0,0.0,0.0,0.0,0.0,0.0,spatial_holdout_subset,2.7179000007890863,1.1000010999850929e-06,0.0006723403930664
noise,KNN,RSS noise,42,42,42,fixed_root_model_across_measurement_seeds,5.0,not_applicable,450,8.742948719738452,9.340825750685935,8.318253806567498,13.519504215199206,19.850948103439837,8.29838497168812,8.855637580664858,6.65541273016964,2.087535989568812,-2.087535989568812,-31.36598846989317,2.087535989568812,-2.087535989568812,-31.36598846989317,spatial_holdout_subset,1.4408000006369548,2.932251500000348,4.341403007507324
noise,Direct AI,RSS noise,42,42,42,fixed_root_model_across_measurement_seeds,5.0,not_applicable,450,6.750910001442178,7.518106460531637,6.463038221880579,11.124361173357542,21.40944166724101,6.563580008696215,6.798394762834609,6.65541273016964,0.0954972712725377,-0.0954972712725377,-1.4348812785064282,0.0954972712725377,-0.0954972712725377,-1.4348812785064282,spatial_holdout_subset,1.3431000006676186,13.687198300000093,0.163121223449707
noise,Residual AI,RSS noise,42,42,42,fixed_root_model_across_measurement_seeds,5.0,not_applicable,450,8.692556734729386,9.167330246732709,8.455398752001766,12.500634330953709,23.885096347772084,7.78590322014701,8.922376984943861,6.65541273016964,2.037144004559746,-2.037144004559746,-30.608830543674205,2.037144004559746,-2.037144004559746,-30.608830543674205,spatial_holdout_subset,14.381799999682698,11.41880889999993,207.80677700042725
noise,Geometric LS,RSS noise,42,42,42,fixed_root_model_across_measurement_seeds,7.0,not_applicable,450,8.042083236617307,9.74417031685945,6.476459653430946,14.337521278088612,31.55763643238309,6.518380052938705,8.428314405739181,8.042083236617307,0.0,0.0,0.0,0.0,0.0,0.0,spatial_holdout_subset,2.7179000007890863,1.1000010999850929e-06,0.0006723403930664
noise,KNN,RSS noise,42,42,42,fixed_root_model_across_measurement_seeds,7.0,not_applicable,450,9.536609086140109,10.222030316972589,9.04844673639705,14.865574393517846,23.656642596247472,9.55971148754386,9.53075304567286,8.042083236617307,1.4945258495228,-1.4945258495228,-18.583814734942155,1.4945258495228,-1.4945258495228,-18.583814734942155,spatial_holdout_subset,1.4408000006369548,2.932251500000348,4.341403007507324
noise,Direct AI,RSS noise,42,42,42,fixed_root_model_across_measurement_seeds,7.0,not_applicable,450,7.722576675441469,8.81005355639506,7.247016141228308,12.843201711263823,26.999668141738734,7.577304279890045,7.759400597433612,8.042083236617307,-0.3195065611758378,0.3195065611758378,3.972932780912499,-0.3195065611758378,0.3195065611758378,3.972932780912499,spatial_holdout_subset,1.3431000006676186,13.687198300000093,0.163121223449707
noise,Residual AI,RSS noise,42,42,42,fixed_root_model_across_measurement_seeds,7.0,not_applicable,450,9.61190220908393,10.246224108853411,9.113277667210228,14.06379401796006,25.57170520697328,9.09246168497483,9.743570977033592,8.042083236617307,1.5698189724666225,-1.5698189724666225,-19.520053775605117,1.5698189724666225,-1.5698189724666225,-19.520053775605117,spatial_holdout_subset,14.381799999682698,11.41880889999993,207.80677700042725
wall_attenuation,Geometric LS,Wall/NLoS severity,42,42,42,fixed_root_model_across_measurement_seeds,0.75,not_applicable,450,4.728277945240271,5.374309712874714,4.422732150729466,7.08324570838716,15.515917146000495,3.039137853592436,5.156444375156575,4.728277945240271,0.0,0.0,0.0,0.0,0.0,0.0,spatial_holdout_subset,2.7179000007890863,1.1000010999850929e-06,0.0006723403930664
wall_attenuation,KNN,Wall/NLoS severity,42,42,42,fixed_root_model_across_measurement_seeds,0.75,not_applicable,450,7.598002545801386,8.163291053246459,7.289451392949589,11.7862234463769,16.827741399121578,7.01664065017874,7.745367260290692,4.728277945240271,2.8697246005611143,-2.8697246005611143,-60.69280684841989,2.8697246005611143,-2.8697246005611143,-60.69280684841989,spatial_holdout_subset,1.4408000006369548,2.932251500000348,4.341403007507324
wall_attenuation,Direct AI,Wall/NLoS severity,42,42,42,fixed_root_model_across_measurement_seeds,0.75,not_applicable,450,5.899846753948398,6.329144200524602,5.770996961131401,9.052470435011823,12.520718935198358,6.109741085572871,5.846642341196792,4.728277945240271,1.1715688087081269,-1.1715688087081269,-24.77791750562144,1.1715688087081269,-1.1715688087081269,-24.77791750562144,spatial_holdout_subset,1.3431000006676186,13.687198300000093,0.163121223449707
wall_attenuation,Residual AI,Wall/NLoS severity,42,42,42,fixed_root_model_across_measurement_seeds,0.75,not_applicable,450,7.375858137834385,7.805322291777564,7.234290424892125,10.50635159472289,16.13639549829181,7.0088741734399065,7.468881928251929,4.728277945240271,2.6475801925941136,-2.6475801925941136,-55.99459725626546,2.6475801925941136,-2.6475801925941136,-55.99459725626546,spatial_holdout_subset,14.381799999682698,11.41880889999993,207.80677700042725
wall_attenuation,Geometric LS,Wall/NLoS severity,42,42,42,fixed_root_model_across_measurement_seeds,1.0,not_applicable,450,5.007501310893044,5.718106682565646,4.634583981632293,8.427642175254617,15.515917145983828,3.039137853592436,5.506445808426067,5.007501310893044,0.0,0.0,0.0,0.0,0.0,0.0,spatial_holdout_subset,2.7179000007890863,1.1000010999850929e-06,0.0006723403930664
wall_attenuation,KNN,Wall/NLoS severity,42,42,42,fixed_root_model_across_measurement_seeds,1.0,not_applicable,450,7.626964640171603,8.187518988884191,7.266486051861152,11.822150780260923,16.827969278853562,7.01664065017874,7.7816707212004355,5.007501310893044,2.6194633292785587,-2.6194633292785587,-52.31078669076574,2.6194633292785587,-2.6194633292785587,-52.31078669076574,spatial_holdout_subset,1.4408000006369548,2.932251500000348,4.341403007507324
wall_attenuation,Direct AI,Wall/NLoS severity,42,42,42,fixed_root_model_across_measurement_seeds,1.0,not_applicable,450,5.729672159954269,6.1694658531949615,5.5062175868588525,8.859843672032534,12.53139445222092,6.109741085572871,5.633331568780752,5.007501310893044,0.7221708490612251,-0.7221708490612251,-14.421780529348124,0.7221708490612251,-0.7221708490612251,-14.421780529348124,spatial_holdout_subset,1.3431000006676186,13.687198300000093,0.163121223449707
wall_attenuation,Residual AI,Wall/NLoS severity,42,42,42,fixed_root_model_across_measurement_seeds,1.0,not_applicable,450,7.426118949879922,7.888034963025352,7.301791022293225,10.66143659356867,16.104071316588982,7.0088741734399065,7.531882946136306,5.007501310893044,2.418617638986878,-2.418617638986878,-48.29989028111784,2.418617638986878,-2.418617638986878,-48.29989028111784,spatial_holdout_subset,14.381799999682698,11.41880889999993,207.80677700042725
wall_attenuation,Geometric LS,Wall/NLoS severity,42,42,42,fixed_root_model_across_measurement_seeds,1.35,not_applicable,450,5.464209138400351,6.315339120438246,4.843448560078928,9.81173033262866,15.51591714600132,3.039137853592436,6.078920801123248,5.464209138400351,0.0,0.0,0.0,0.0,0.0,0.0,spatial_holdout_subset,2.7179000007890863,1.1000010999850929e-06,0.0006723403930664
wall_attenuation,KNN,Wall/NLoS severity,42,42,42,fixed_root_model_across_measurement_seeds,1.35,not_applicable,450,7.692766983737799,8.250640348006742,7.334660447213637,11.957302043409346,16.816089938007046,7.01664065017874,7.8641527674533265,5.464209138400351,2.2285578453374484,-2.2285578453374484,-40.78463669474151,2.2285578453374484,-2.2285578453374484,-40.78463669474151,spatial_holdout_subset,1.4408000006369548,2.932251500000348,4.341403007507324
wall_attenuation,Direct AI,Wall/NLoS severity,42,42,42,fixed_root_model_across_measurement_seeds,1.35,not_applicable,450,5.52147909355616,5.989277739183194,5.207538827929931,8.700694877642452,12.419023178291352,6.109741085572871,5.372365329563067,5.464209138400351,0.0572699551558093,-0.0572699551558093,-1.04809229854213,0.0572699551558093,-0.0572699551558093,-1.04809229854213,spatial_holdout_subset,1.3431000006676186,13.687198300000093,0.163121223449707
wall_attenuation,Residual AI,Wall/NLoS severity,42,42,42,fixed_root_model_across_measurement_seeds,1.35,not_applicable,450,7.564553000997871,8.066660445560068,7.432643380505912,11.40532544448603,16.09127146117566,7.0088741734399065,7.705407522746547,5.464209138400351,2.10034386259752,-2.10034386259752,-38.438204127970046,2.10034386259752,-2.10034386259752,-38.438204127970046,spatial_holdout_subset,14.381799999682698,11.41880889999993,207.80677700042725
wall_attenuation,Geometric LS,Wall/NLoS severity,42,42,42,fixed_root_model_across_measurement_seeds,1.65,not_applicable,450,5.8044897817525865,6.749711930753779,4.9634998995068695,11.075302154368034,18.730399474758933,3.039137853592436,6.505456426495132,5.8044897817525865,0.0,0.0,0.0,0.0,0.0,0.0,spatial_holdout_subset,2.7179000007890863,1.1000010999850929e-06,0.0006723403930664
wall_attenuation,KNN,Wall/NLoS severity,42,42,42,fixed_root_model_across_measurement_seeds,1.65,not_applicable,450,7.781237891632773,8.350289351829366,7.440139958159188,11.951453008631436,16.817761883105376,7.01664065017874,7.975049448658726,5.8044897817525865,1.9767481098801865,-1.9767481098801865,-34.0555015893806,1.9767481098801865,-1.9767481098801865,-34.0555015893806,spatial_holdout_subset,1.4408000006369548,2.932251500000348,4.341403007507324
wall_attenuation,Direct AI,Wall/NLoS severity,42,42,42,fixed_root_model_across_measurement_seeds,1.65,not_applicable,450,5.362738339885099,5.864932787994011,5.039554482661988,8.7611127690555,12.28966905083158,6.109741085572871,5.1733866689726,5.8044897817525865,-0.4417514418674875,0.4417514418674875,7.610512869816901,-0.4417514418674875,0.4417514418674875,7.610512869816901,spatial_holdout_subset,1.3431000006676186,13.687198300000093,0.163121223449707
wall_attenuation,Residual AI,Wall/NLoS severity,42,42,42,fixed_root_model_across_measurement_seeds,1.65,not_applicable,450,7.692645299534953,8.207535307877325,7.479342635723361,11.669114807508173,16.091271461230324,7.0088741734399065,7.86596889974289,5.8044897817525865,1.8881555177823663,-1.8881555177823663,-32.529224596416874,1.8881555177823663,-1.8881555177823663,-32.529224596416874,spatial_holdout_subset,14.381799999682698,11.41880889999993,207.80677700042725
anchor_failure,Geometric LS,random anchor failure,42,42,42,fixed_root_model_across_measurement_seeds,0.0,random,450,4.940021761487594,5.617166830988398,4.621032499711648,7.677083799991564,15.095850235135156,3.085735454151937,5.397172679362589,4.940021761487594,0.0,0.0,0.0,0.0,0.0,0.0,spatial_holdout_subset,2.7179000007890863,1.1000010999850929e-06,0.0006723403930664
anchor_failure,KNN,random anchor failure,42,42,42,fixed_root_model_across_measurement_seeds,0.0,random,450,7.561710276568792,8.120235802273458,7.245017185933348,11.808717200639418,16.827969278853562,6.932567871477853,7.7168174069097715,4.940021761487594,2.621688515081199,-2.621688515081199,-53.07038393069198,2.621688515081199,-2.621688515081199,-53.07038393069198,spatial_holdout_subset,1.4408000006369548,2.932251500000348,4.341403007507324
anchor_failure,Direct AI,random anchor failure,42,42,42,fixed_root_model_across_measurement_seeds,0.0,random,450,5.68515101738134,6.108146859791243,5.493340913453809,8.719564080143966,11.498211556052484,6.216893470009334,5.554056617702971,4.940021761487594,0.7451292558937466,-0.7451292558937466,-15.083521730668757,0.7451292558937466,-0.7451292558937466,-15.083521730668757,spatial_holdout_subset,1.3431000006676186,13.687198300000093,0.163121223449707
anchor_failure,Residual AI,random anchor failure,42,42,42,fixed_root_model_across_measurement_seeds,0.0,random,450,7.367745729737393,7.8231759398398975,7.276941881531257,10.400742491212824,16.104071316588982,6.911713376639828,7.480174758617402,4.940021761487594,2.4277239682498,-2.4277239682498,-49.14399339647316,2.4277239682498,-2.4277239682498,-49.14399339647316,spatial_holdout_subset,14.381799999682698,11.41880889999993,207.80677700042725
anchor_failure,Geometric LS,random anchor failure,42,42,42,fixed_root_model_across_measurement_seeds,1.0,random,450,4.797605958136022,5.321726651733235,4.5743154148765335,7.672817386862346,16.515972695456014,3.966570493290609,5.367192063254788,4.797605958136022,0.0,0.0,0.0,0.0,0.0,0.0,spatial_holdout_subset,2.7179000007890863,1.1000010999850929e-06,0.0006723403930664
anchor_failure,KNN,random anchor failure,42,42,42,fixed_root_model_across_measurement_seeds,1.0,random,450,8.187701536320043,8.44801048615943,8.369561054611808,10.793750564277069,14.052686086482474,7.198124412777635,8.86595102548956,4.797605958136022,3.390095578184021,-3.390095578184021,-70.66223461797496,3.390095578184021,-3.390095578184021,-70.66223461797496,spatial_holdout_subset,1.4408000006369548,2.932251500000348,4.341403007507324
anchor_failure,Direct AI,random anchor failure,42,42,42,fixed_root_model_across_measurement_seeds,1.0,random,450,6.547182973137288,6.847034808273805,6.839745190010949,8.99770185466273,11.334263275317491,5.240363333740503,7.442868343959801,4.797605958136022,1.7495770150012655,-1.7495770150012655,-36.46770973414865,1.7495770150012655,-1.7495770150012655,-36.46770973414865,spatial_holdout_subset,1.3431000006676186,13.687198300000093,0.163121223449707
anchor_failure,Residual AI,random anchor failure,42,42,42,fixed_root_model_across_measurement_seeds,1.0,random,450,7.6051444510758754,7.868679367357834,7.593935243939262,10.090709368877665,14.215516869420206,6.728309105279311,8.20612148583532,4.797605958136022,2.807538492939853,-2.807538492939853,-58.51957241671105,2.807538492939853,-2.807538492939853,-58.51957241671105,spatial_holdout_subset,14.381799999682698,11.41880889999993,207.80677700042725
anchor_failure,Geometric LS,random anchor failure,42,42,42,fixed_root_model_across_measurement_seeds,2.0,random,450,3.765036266426625,4.21942931335772,3.663626293145165,6.012954950216889,13.79325688461886,3.538566603659848,4.152490388268581,3.765036266426625,0.0,0.0,0.0,0.0,0.0,0.0,spatial_holdout_subset,2.7179000007890863,1.1000010999850929e-06,0.0006723403930664
anchor_failure,KNN,random anchor failure,42,42,42,fixed_root_model_across_measurement_seeds,2.0,random,450,11.171488369093284,11.29687678649286,11.217468223674716,13.25595511863286,15.074529943321467,11.811998875640326,10.07567521331401,3.765036266426625,7.406452102666659,-7.406452102666659,-196.71662046687484,7.406452102666659,-7.406452102666659,-196.71662046687484,spatial_holdout_subset,1.4408000006369548,2.932251500000348,4.341403007507324
anchor_failure,Direct AI,random anchor failure,42,42,42,fixed_root_model_across_measurement_seeds,2.0,random,450,9.62802715110092,9.871407367341536,9.54687357278644,12.424819147067666,15.611547920387425,9.22371743791297,10.319737744747773,3.765036266426625,5.862990884674296,-5.862990884674296,-155.7220294783197,5.862990884674296,-5.862990884674296,-155.7220294783197,spatial_holdout_subset,1.3431000006676186,13.687198300000093,0.163121223449707
anchor_failure,Residual AI,random anchor failure,42,42,42,fixed_root_model_across_measurement_seeds,2.0,random,450,7.726431023818294,7.921427955242848,7.941657342299594,9.787584648837951,12.714120100262171,7.285505137056144,8.480786155387273,3.765036266426625,3.961394757391669,-3.961394757391669,-105.21531472926306,3.961394757391669,-3.961394757391669,-105.21531472926306,spatial_holdout_subset,14.381799999682698,11.41880889999993,207.80677700042725
anchor_failure,Geometric LS,random anchor failure,42,42,42,fixed_root_model_across_measurement_seeds,3.0,random,450,10.067574323245402,13.160938588781551,6.152356856246163,24.544901181739995,32.64849909543184,12.090712306038624,6.606302111719649,10.067574323245402,0.0,0.0,0.0,0.0,0.0,0.0,spatial_holdout_subset,2.7179000007890863,1.1000010999850929e-06,0.0006723403930664
anchor_failure,KNN,random anchor failure,42,42,42,fixed_root_model_across_measurement_seeds,3.0,random,450,10.522392662641254,10.70724632633664,10.676853082924984,12.960128357217346,15.677521806173765,10.33567166498911,10.841843044166602,10.067574323245402,0.4548183393958513,-0.4548183393958513,-4.517655641694188,0.4548183393958513,-0.4548183393958513,-4.517655641694188,spatial_holdout_subset,1.4408000006369548,2.932251500000348,4.341403007507324
anchor_failure,Direct AI,random anchor failure,42,42,42,fixed_root_model_across_measurement_seeds,3.0,random,450,10.920095422011036,11.074780155513777,10.769762929774824,13.406274157425765,18.183010455699307,11.027096317486029,10.73703364902972,10.067574323245402,0.8525210987656333,-0.8525210987656333,-8.467989124224445,0.8525210987656333,-0.8525210987656333,-8.467989124224445,spatial_holdout_subset,1.3431000006676186,13.687198300000093,0.163121223449707
anchor_failure,Residual AI,random anchor failure,42,42,42,fixed_root_model_across_measurement_seeds,3.0,random,450,11.629390908923291,12.559836881231922,10.19249512455488,19.16980885362692,27.30767158440568,12.772694407573418,9.673377694365248,10.067574323245402,1.5618165856778905,-1.5618165856778905,-15.513335541727791,1.5618165856778905,-1.5618165856778905,-15.513335541727791,spatial_holdout_subset,14.381799999682698,11.41880889999993,207.80677700042725
anchor_failure,Geometric LS,fixed_critical anchor failure,42,42,42,fixed_root_model_across_measurement_seeds,0.0,fixed_critical,450,4.940021761487594,5.617166830988398,4.621032499711648,7.677083799991564,15.095850235135156,3.085735454151937,5.397172679362589,4.940021761487594,0.0,0.0,0.0,0.0,0.0,0.0,spatial_holdout_subset,2.7179000007890863,1.1000010999850929e-06,0.0006723403930664
anchor_failure,KNN,fixed_critical anchor failure,42,42,42,fixed_root_model_across_measurement_seeds,0.0,fixed_critical,450,7.561710276568792,8.120235802273458,7.245017185933348,11.808717200639418,16.827969278853562,6.932567871477853,7.7168174069097715,4.940021761487594,2.621688515081199,-2.621688515081199,-53.07038393069198,2.621688515081199,-2.621688515081199,-53.07038393069198,spatial_holdout_subset,1.4408000006369548,2.932251500000348,4.341403007507324
anchor_failure,Direct AI,fixed_critical anchor failure,42,42,42,fixed_root_model_across_measurement_seeds,0.0,fixed_critical,450,5.68515101738134,6.108146859791243,5.493340913453809,8.719564080143966,11.498211556052484,6.216893470009334,5.554056617702971,4.940021761487594,0.7451292558937466,-0.7451292558937466,-15.083521730668757,0.7451292558937466,-0.7451292558937466,-15.083521730668757,spatial_holdout_subset,1.3431000006676186,13.687198300000093,0.163121223449707
anchor_failure,Residual AI,fixed_critical anchor failure,42,42,42,fixed_root_model_across_measurement_seeds,0.0,fixed_critical,450,7.367745729737393,7.8231759398398975,7.276941881531257,10.400742491212824,16.104071316588982,6.911713376639828,7.480174758617402,4.940021761487594,2.4277239682498,-2.4277239682498,-49.14399339647316,2.4277239682498,-2.4277239682498,-49.14399339647316,spatial_holdout_subset,14.381799999682698,11.41880889999993,207.80677700042725
anchor_failure,Geometric LS,fixed_critical anchor failure,42,42,42,fixed_root_model_across_measurement_seeds,1.0,fixed_critical,450,5.087347191945757,5.906196695702964,4.487335815752973,9.18032565812559,15.515917145983828,3.1445407635363383,5.693412171070561,5.087347191945757,0.0,0.0,0.0,0.0,0.0,0.0,spatial_holdout_subset,2.7179000007890863,1.1000010999850929e-06,0.0006723403930664
anchor_failure,KNN,fixed_critical anchor failure,42,42,42,fixed_root_model_across_measurement_seeds,1.0,fixed_critical,450,9.053358412251468,9.317369512426614,9.158798905889691,11.718503573129768,15.67034677998339,8.982018659981167,9.075613087157947,5.087347191945757,3.9660112203057114,-3.9660112203057114,-77.95833605743803,3.9660112203057114,-3.9660112203057114,-77.95833605743803,spatial_holdout_subset,1.4408000006369548,2.932251500000348,4.341403007507324
anchor_failure,Direct AI,fixed_critical anchor failure,42,42,42,fixed_root_model_across_measurement_seeds,1.0,fixed_critical,450,7.896384922994481,8.387253294496157,7.669103629332255,11.823991949223538,15.542293487373408,6.638620141386809,8.28874886361262,5.087347191945757,2.809037731048724,-2.809037731048724,-55.21615932751684,2.809037731048724,-2.809037731048724,-55.21615932751684,spatial_holdout_subset,1.3431000006676186,13.687198300000093,0.163121223449707
anchor_failure,Residual AI,fixed_critical anchor failure,42,42,42,fixed_root_model_across_measurement_seeds,1.0,fixed_critical,450,8.570856720682832,8.985226380446116,8.563505811300207,11.820846399078444,16.503246763557748,8.229026261254855,8.677491878580188,5.087347191945757,3.4835095287370743,-3.4835095287370743,-68.47398845221603,3.4835095287370743,-3.4835095287370743,-68.47398845221603,spatial_holdout_subset,14.381799999682698,11.41880889999993,207.80677700042725
anchor_failure,Geometric LS,fixed_critical anchor failure,42,42,42,fixed_root_model_across_measurement_seeds,2.0,fixed_critical,450,5.094941904075046,5.838118538630379,4.566300502381344,9.332320817487568,15.59186165355779,3.90670817361405,6.054118529868864,5.094941904075046,0.0,0.0,0.0,0.0,0.0,0.0,spatial_holdout_subset,2.7179000007890863,1.1000010999850929e-06,0.0006723403930664
anchor_failure,KNN,fixed_critical anchor failure,42,42,42,fixed_root_model_across_measurement_seeds,2.0,fixed_critical,450,10.767346003765828,10.919693097145938,10.74913278744094,13.21526063324075,15.35208290421702,11.754309253627316,9.97064072978125,5.094941904075046,5.67240409969078,-5.67240409969078,-111.33402905249748,5.67240409969078,-5.67240409969078,-111.33402905249748,spatial_holdout_subset,1.4408000006369548,2.932251500000348,4.341403007507324
anchor_failure,Direct AI,fixed_critical anchor failure,42,42,42,fixed_root_model_across_measurement_seeds,2.0,fixed_critical,450,18.862761790052204,18.97309790245965,18.795564585143463,21.69780523209359,24.22974954905385,17.536652901103054,19.933235230529235,5.094941904075046,13.767819885977158,-13.767819885977158,-270.22525762198296,13.767819885977158,-13.767819885977158,-270.22525762198296,spatial_holdout_subset,1.3431000006676186,13.687198300000093,0.163121223449707
anchor_failure,Residual AI,fixed_critical anchor failure,42,42,42,fixed_root_model_across_measurement_seeds,2.0,fixed_critical,450,9.045241989739676,9.30892287772017,9.179707824636749,11.77880534737628,15.766114431863365,8.590799002881827,9.412081509251433,5.094941904075046,3.9503000856646295,-3.9503000856646295,-77.53376113091873,3.9503000856646295,-3.9503000856646295,-77.53376113091873,spatial_holdout_subset,14.381799999682698,11.41880889999993,207.80677700042725
noise,Geometric LS,RSS noise,123,123,42,fixed_root_model_across_measurement_seeds,0.5,not_applicable,450,4.329382670649439,5.0354369720219845,4.207616947190597,6.395589514742175,29.236809062646845,2.498101256984972,4.787203024065556,4.329382670649439,0.0,0.0,0.0,0.0,0.0,0.0,spatial_holdout_subset,2.7179000007890863,1.1000010999850929e-06,0.0006723403930664
noise,KNN,RSS noise,123,123,42,fixed_root_model_across_measurement_seeds,0.5,not_applicable,450,7.561796317350269,8.078782967151124,7.159013275496605,11.439067510796178,16.322572138253662,7.080168507213202,7.682203269884535,4.329382670649439,3.23241364670083,-3.23241364670083,-74.66222998984621,3.23241364670083,-3.23241364670083,-74.66222998984621,spatial_holdout_subset,1.4408000006369548,2.932251500000348,4.341403007507324
noise,Direct AI,RSS noise,123,123,42,fixed_root_model_across_measurement_seeds,0.5,not_applicable,450,6.01505419240511,6.5487218694451474,5.976893108165891,9.947652410774555,12.836733339301809,6.703485797361431,5.84294629116603,4.329382670649439,1.6856715217556708,-1.6856715217556708,-38.93560930022404,1.6856715217556708,-1.6856715217556708,-38.93560930022404,spatial_holdout_subset,1.3431000006676186,13.687198300000093,0.163121223449707
noise,Residual AI,RSS noise,123,123,42,fixed_root_model_across_measurement_seeds,0.5,not_applicable,450,7.270432164327064,7.708977208587738,7.151264752799918,10.071408243331222,26.86372618245177,7.758829662690946,7.148332789736095,4.329382670649439,2.941049493677625,-2.941049493677625,-67.9323062296188,2.941049493677625,-2.941049493677625,-67.9323062296188,spatial_holdout_subset,14.381799999682698,11.41880889999993,207.80677700042725
noise,Geometric LS,RSS noise,123,123,42,fixed_root_model_across_measurement_seeds,1.0,not_applicable,450,4.412830619679046,5.057627211019553,4.220088384262068,6.584901005243081,15.042016619627432,2.292832527610316,4.94283014269623,4.412830619679046,0.0,0.0,0.0,0.0,0.0,0.0,spatial_holdout_subset,2.7179000007890863,1.1000010999850929e-06,0.0006723403930664
noise,KNN,RSS noise,123,123,42,fixed_root_model_across_measurement_seeds,1.0,not_applicable,450,7.704264392100178,8.226389482793584,7.2866666670862195,11.502771141148354,17.85440697201063,7.205505865801974,7.828954023674729,4.412830619679046,3.291433772421132,-3.291433772421132,-74.58781122808028,3.291433772421132,-3.291433772421132,-74.58781122808028,spatial_holdout_subset,1.4408000006369548,2.932251500000348,4.341403007507324
noise,Direct AI,RSS noise,123,123,42,fixed_root_model_across_measurement_seeds,1.0,not_applicable,450,6.058449548511538,6.610197035708151,6.076110036764572,9.900528148399305,13.512093687542349,6.695265894487784,5.899245462017477,4.412830619679046,1.6456189288324916,-1.6456189288324916,-37.29168578313075,1.6456189288324916,-1.6456189288324916,-37.29168578313075,spatial_holdout_subset,1.3431000006676186,13.687198300000093,0.163121223449707
noise,Residual AI,RSS noise,123,123,42,fixed_root_model_across_measurement_seeds,1.0,not_applicable,450,7.322427141905925,7.712719465822428,7.295992937135201,10.240332429070516,16.29570152776786,7.48838749648798,7.280937053260412,4.412830619679046,2.909596522226879,-2.909596522226879,-65.9349241561984,2.909596522226879,-2.909596522226879,-65.9349241561984,spatial_holdout_subset,14.381799999682698,11.41880889999993,207.80677700042725
noise,Geometric LS,RSS noise,123,123,42,fixed_root_model_across_measurement_seeds,2.0,not_applicable,450,4.882587452213261,5.656695598763661,4.42600617842349,8.268086525001921,15.143019856786058,2.851634053091583,5.390325801993679,4.882587452213261,0.0,0.0,0.0,0.0,0.0,0.0,spatial_holdout_subset,2.7179000007890863,1.1000010999850929e-06,0.0006723403930664
noise,KNN,RSS noise,123,123,42,fixed_root_model_across_measurement_seeds,2.0,not_applicable,450,7.990602958456692,8.526841709271265,7.528907129656848,12.22259724989012,18.818395773006905,7.687082085189065,8.066483176773598,4.882587452213261,3.108015506243431,-3.108015506243431,-63.655091417452816,3.108015506243431,-3.108015506243431,-63.655091417452816,spatial_holdout_subset,1.4408000006369548,2.932251500000348,4.341403007507324
noise,Direct AI,RSS noise,123,123,42,fixed_root_model_across_measurement_seeds,2.0,not_applicable,450,6.218048193373883,6.814749614487335,5.9853127662603285,9.939905089871065,15.59001549044904,6.727116166456977,6.090781200103109,4.882587452213261,1.335460741160622,-1.335460741160622,-27.351496603614592,1.335460741160622,-1.335460741160622,-27.351496603614592,spatial_holdout_subset,1.3431000006676186,13.687198300000093,0.163121223449707
noise,Residual AI,RSS noise,123,123,42,fixed_root_model_across_measurement_seeds,2.0,not_applicable,450,7.568551486329844,7.975732331534272,7.404828136823035,10.64913546940217,16.29612826399962,7.372674681950865,7.617520687424588,4.882587452213261,2.685964034116584,-2.685964034116584,-55.011078867600105,2.685964034116584,-2.685964034116584,-55.011078867600105,spatial_holdout_subset,14.381799999682698,11.41880889999993,207.80677700042725
noise,Geometric LS,RSS noise,123,123,42,fixed_root_model_across_measurement_seeds,3.0,not_applicable,450,5.575557256691663,6.584934353952635,4.78867310398645,10.502811733809642,26.317868571715696,3.809408105627324,6.017094544457748,5.575557256691663,0.0,0.0,0.0,0.0,0.0,0.0,spatial_holdout_subset,2.7179000007890863,1.1000010999850929e-06,0.0006723403930664
noise,KNN,RSS noise,123,123,42,fixed_root_model_across_measurement_seeds,3.0,not_applicable,450,8.268898629442539,8.807109500732608,7.864555464528432,12.724847627392665,18.973330848204707,8.332038194205378,8.253113738251828,5.575557256691663,2.693341372750876,-2.693341372750876,-48.306227498935385,2.693341372750876,-2.693341372750876,-48.306227498935385,spatial_holdout_subset,1.4408000006369548,2.932251500000348,4.341403007507324
noise,Direct AI,RSS noise,123,123,42,fixed_root_model_across_measurement_seeds,3.0,not_applicable,450,6.463168430774791,7.108320846178792,6.142444680775978,10.215749022044458,19.512547173371065,6.895216527732805,6.355156406535289,5.575557256691663,0.8876111740831281,-0.8876111740831281,-15.91968539140794,0.8876111740831281,-0.8876111740831281,-15.91968539140794,spatial_holdout_subset,1.3431000006676186,13.687198300000093,0.163121223449707
noise,Residual AI,RSS noise,123,123,42,fixed_root_model_across_measurement_seeds,3.0,not_applicable,450,7.977259385999004,8.408119430148146,7.602153272603541,11.420697365615403,21.482283691186883,7.525951212257783,8.090086429434308,5.575557256691663,2.401702129307341,-2.401702129307341,-43.07555314627735,2.401702129307341,-2.401702129307341,-43.07555314627735,spatial_holdout_subset,14.381799999682698,11.41880889999993,207.80677700042725
noise,Geometric LS,RSS noise,123,123,42,fixed_root_model_across_measurement_seeds,5.0,not_applicable,450,6.779358873816659,8.024065815746209,5.442604058368487,13.162210785111034,29.06562930118153,5.769820987886127,7.031743345299292,6.779358873816659,0.0,0.0,0.0,0.0,0.0,0.0,spatial_holdout_subset,2.7179000007890863,1.1000010999850929e-06,0.0006723403930664
noise,KNN,RSS noise,123,123,42,fixed_root_model_across_measurement_seeds,5.0,not_applicable,450,8.898871930221182,9.473647807052958,8.392136019726596,13.46487621621012,19.5976255115122,9.259042355497895,8.808829323902003,6.779358873816659,2.1195130564045224,-2.1195130564045224,-31.26421090629288,2.1195130564045224,-2.1195130564045224,-31.26421090629288,spatial_holdout_subset,1.4408000006369548,2.932251500000348,4.341403007507324
noise,Direct AI,RSS noise,123,123,42,fixed_root_model_across_measurement_seeds,5.0,not_applicable,450,7.219482809909498,8.016849888939513,6.886089738095654,11.602297333539417,25.430131442079,7.850393093226818,7.061755239080167,6.779358873816659,0.4401239360928386,-0.4401239360928386,-6.49211738580018,0.4401239360928386,-0.4401239360928386,-6.49211738580018,spatial_holdout_subset,1.3431000006676186,13.687198300000093,0.163121223449707
noise,Residual AI,RSS noise,123,123,42,fixed_root_model_across_measurement_seeds,5.0,not_applicable,450,8.786494155820293,9.285344381117058,8.527569175229367,12.46048888825881,23.37236948769685,8.451560880123628,8.87022747474446,6.779358873816659,2.0071352820036337,-2.0071352820036337,-29.606564859040304,2.0071352820036337,-2.0071352820036337,-29.606564859040304,spatial_holdout_subset,14.381799999682698,11.41880889999993,207.80677700042725
noise,Geometric LS,RSS noise,123,123,42,fixed_root_model_across_measurement_seeds,7.0,not_applicable,450,8.11358997034562,9.815954918235672,6.290641634570084,14.256668155454443,30.12484010364897,8.193906618162819,8.093510808391319,8.11358997034562,0.0,0.0,0.0,0.0,0.0,0.0,spatial_holdout_subset,2.7179000007890863,1.1000010999850929e-06,0.0006723403930664
noise,KNN,RSS noise,123,123,42,fixed_root_model_across_measurement_seeds,7.0,not_applicable,450,9.628955390291797,10.31450540126066,8.999602949956895,14.446219825682858,24.586274397482946,10.12265235581512,9.505531148910965,8.11358997034562,1.5153654199461766,-1.5153654199461766,-18.67687947609738,1.5153654199461766,-1.5153654199461766,-18.67687947609738,spatial_holdout_subset,1.4408000006369548,2.932251500000348,4.341403007507324
noise,Direct AI,RSS noise,123,123,42,fixed_root_model_across_measurement_seeds,7.0,not_applicable,450,8.185451596459785,9.243235342962551,7.713071877173881,13.574397946042376,29.114819711180488,9.22317644374069,7.92602038463956,8.11358997034562,0.0718616261141651,-0.0718616261141651,-0.8856945738792861,0.0718616261141651,-0.0718616261141651,-0.8856945738792861,spatial_holdout_subset,1.3431000006676186,13.687198300000093,0.163121223449707
noise,Residual AI,RSS noise,123,123,42,fixed_root_model_across_measurement_seeds,7.0,not_applicable,450,9.739315992595596,10.428995640055575,9.138145699101514,13.936630901846533,25.025512519453827,9.996616311319547,9.674990912914607,8.11358997034562,1.6257260222499763,-1.6257260222499763,-20.03707394866941,1.6257260222499763,-1.6257260222499763,-20.03707394866941,spatial_holdout_subset,14.381799999682698,11.41880889999993,207.80677700042725
wall_attenuation,Geometric LS,Wall/NLoS severity,123,123,42,fixed_root_model_across_measurement_seeds,0.75,not_applicable,450,4.328739654187646,4.905022798922554,4.090909776837645,6.399335201103679,15.042016619639796,2.5764735672142844,4.766806175930987,4.328739654187646,0.0,0.0,0.0,0.0,0.0,0.0,spatial_holdout_subset,2.7179000007890863,1.1000010999850929e-06,0.0006723403930664
wall_attenuation,KNN,Wall/NLoS severity,123,123,42,fixed_root_model_across_measurement_seeds,0.75,not_applicable,450,7.78849429571348,8.33751443560566,7.395908387315908,12.103804214502372,18.759687084958458,7.386205412133542,7.889066516608465,4.328739654187646,3.4597546415258345,-3.4597546415258345,-79.9252188377476,3.4597546415258345,-3.4597546415258345,-79.9252188377476,spatial_holdout_subset,1.4408000006369548,2.932251500000348,4.341403007507324
wall_attenuation,Direct AI,Wall/NLoS severity,123,123,42,fixed_root_model_across_measurement_seeds,0.75,not_applicable,450,6.319690339564615,6.888222853339319,6.215978141052576,10.044476518928116,14.265588542026334,6.709550650386683,6.222225261859099,4.328739654187646,1.9909506853769687,-1.9909506853769687,-45.993772886085054,1.9909506853769687,-1.9909506853769687,-45.993772886085054,spatial_holdout_subset,1.3431000006676186,13.687198300000093,0.163121223449707
wall_attenuation,Residual AI,Wall/NLoS severity,123,123,42,fixed_root_model_across_measurement_seeds,0.75,not_applicable,450,7.387367726942243,7.758068039330691,7.315568819585623,10.354013404656962,16.29397841387557,7.404329513511096,7.38312728030003,4.328739654187646,3.0586280727545967,-3.0586280727545967,-70.65862854088864,3.0586280727545967,-3.0586280727545967,-70.65862854088864,spatial_holdout_subset,14.381799999682698,11.41880889999993,207.80677700042725
wall_attenuation,Geometric LS,Wall/NLoS severity,123,123,42,fixed_root_model_across_measurement_seeds,1.0,not_applicable,450,4.602417979552229,5.303162675174367,4.259895166688009,7.188224806999636,15.042016619639812,2.5764735672142844,5.108904082636714,4.602417979552229,0.0,0.0,0.0,0.0,0.0,0.0,spatial_holdout_subset,2.7179000007890863,1.1000010999850929e-06,0.0006723403930664
wall_attenuation,KNN,Wall/NLoS severity,123,123,42,fixed_root_model_across_measurement_seeds,1.0,not_applicable,450,7.840641884136235,8.374310830589419,7.408009268745996,11.879251148975126,18.759687084958458,7.386205412133542,7.954251002136908,4.602417979552229,3.2382239045840064,-3.2382239045840064,-70.35918769157631,3.2382239045840064,-3.2382239045840064,-70.35918769157631,spatial_holdout_subset,1.4408000006369548,2.932251500000348,4.341403007507324
wall_attenuation,Direct AI,Wall/NLoS severity,123,123,42,fixed_root_model_across_measurement_seeds,1.0,not_applicable,450,6.126872366041072,6.698745803912188,5.990387051492573,9.900304599039382,14.265588542026334,6.709550650386683,5.98120279495467,4.602417979552229,1.5244543864888431,-1.5244543864888431,-33.12290177167172,1.5244543864888431,-1.5244543864888431,-33.12290177167172,spatial_holdout_subset,1.3431000006676186,13.687198300000093,0.163121223449707
wall_attenuation,Residual AI,Wall/NLoS severity,123,123,42,fixed_root_model_across_measurement_seeds,1.0,not_applicable,450,7.420994518918677,7.817664160076054,7.300995963521547,10.442520649150358,16.299678435266365,7.404329513511096,7.425160770270573,4.602417979552229,2.8185765393664486,-2.8185765393664486,-61.24121172585609,2.8185765393664486,-2.8185765393664486,-61.24121172585609,spatial_holdout_subset,14.381799999682698,11.41880889999993,207.80677700042725
wall_attenuation,Geometric LS,Wall/NLoS severity,123,123,42,fixed_root_model_across_measurement_seeds,1.35,not_applicable,450,5.069788580250935,5.911053664554718,4.57554975641498,8.915263641197345,15.143019856495956,2.5764735672142844,5.693117333510098,5.069788580250935,0.0,0.0,0.0,0.0,0.0,0.0,spatial_holdout_subset,2.7179000007890863,1.1000010999850929e-06,0.0006723403930664
wall_attenuation,KNN,Wall/NLoS severity,123,123,42,fixed_root_model_across_measurement_seeds,1.35,not_applicable,450,7.888035884265338,8.410043411047383,7.450461624318923,11.80471356419033,18.759687084958458,7.386205412133542,8.013493502298287,5.069788580250935,2.8182473040144025,-2.8182473040144025,-55.58904990619767,2.8182473040144025,-2.8182473040144025,-55.58904990619767,spatial_holdout_subset,1.4408000006369548,2.932251500000348,4.341403007507324
wall_attenuation,Direct AI,Wall/NLoS severity,123,123,42,fixed_root_model_across_measurement_seeds,1.35,not_applicable,450,5.89270026397612,6.479296009863355,5.733567180726341,9.64216307231989,14.265588542026334,6.709550650386683,5.688487667373478,5.069788580250935,0.8229116837251844,-0.8229116837251844,-16.231676542307675,0.8229116837251844,-0.8229116837251844,-16.231676542307675,spatial_holdout_subset,1.3431000006676186,13.687198300000093,0.163121223449707
wall_attenuation,Residual AI,Wall/NLoS severity,123,123,42,fixed_root_model_across_measurement_seeds,1.35,not_applicable,450,7.550749553465868,7.986197733444535,7.352733235309585,10.680641570089293,16.25183096997679,7.404329513511096,7.587354563454562,5.069788580250935,2.480960973214933,-2.480960973214933,-48.93618212955411,2.480960973214933,-2.480960973214933,-48.93618212955411,spatial_holdout_subset,14.381799999682698,11.41880889999993,207.80677700042725
wall_attenuation,Geometric LS,Wall/NLoS severity,123,123,42,fixed_root_model_across_measurement_seeds,1.65,not_applicable,450,5.536851459491953,6.457751792911435,4.863517647454698,10.306391920488831,15.143019856784914,2.5764735672142844,6.27694593256137,5.536851459491953,0.0,0.0,0.0,0.0,0.0,0.0,spatial_holdout_subset,2.7179000007890863,1.1000010999850929e-06,0.0006723403930664
wall_attenuation,KNN,Wall/NLoS severity,123,123,42,fixed_root_model_across_measurement_seeds,1.65,not_applicable,450,7.91994984138474,8.438242875382612,7.434652595187181,12.06494275645337,18.759687084958458,7.386205412133542,8.053385948697539,5.536851459491953,2.383098381892786,-2.383098381892786,-43.04067752815339,2.383098381892786,-2.383098381892786,-43.04067752815339,spatial_holdout_subset,1.4408000006369548,2.932251500000348,4.341403007507324
wall_attenuation,Direct AI,Wall/NLoS severity,123,123,42,fixed_root_model_across_measurement_seeds,1.65,not_applicable,450,5.706177426936788,6.311657963968769,5.438199290541891,9.644471424877082,14.265588542026334,6.709550650386683,5.455334121074313,5.536851459491953,0.1693259674448342,-0.1693259674448342,-3.058163446927129,0.1693259674448342,-0.1693259674448342,-3.058163446927129,spatial_holdout_subset,1.3431000006676186,13.687198300000093,0.163121223449707
wall_attenuation,Residual AI,Wall/NLoS severity,123,123,42,fixed_root_model_across_measurement_seeds,1.65,not_applicable,450,7.709613297349016,8.171640774111916,7.4314194113174,11.15509397550934,16.23893014214712,7.404329513511096,7.785934243308496,5.536851459491953,2.1727618378570623,-2.1727618378570623,-39.24183001391966,2.1727618378570623,-2.1727618378570623,-39.24183001391966,spatial_holdout_subset,14.381799999682698,11.41880889999993,207.80677700042725
anchor_failure,Geometric LS,random anchor failure,123,123,42,fixed_root_model_across_measurement_seeds,0.0,random,450,4.556716936352794,5.25056925330598,4.19839701750454,6.864956135181103,15.042016619639812,2.5064118515641427,5.062193813212046,4.556716936352794,0.0,0.0,0.0,0.0,0.0,0.0,spatial_holdout_subset,2.7179000007890863,1.1000010999850929e-06,0.0006723403930664
anchor_failure,KNN,random anchor failure,123,123,42,fixed_root_model_across_measurement_seeds,0.0,random,450,7.697619034241771,8.221240753127939,7.287214150085395,11.630004247623484,16.731889220482223,7.144040544639223,7.834096833617468,4.556716936352794,3.140902097888977,-3.140902097888977,-68.92905883249709,3.140902097888977,-3.140902097888977,-68.92905883249709,spatial_holdout_subset,1.4408000006369548,2.932251500000348,4.341403007507324
anchor_failure,Direct AI,random anchor failure,123,123,42,fixed_root_model_across_measurement_seeds,0.0,random,450,6.032450823942658,6.602876054501745,5.963455481448431,9.856243754663492,12.86426076584828,6.633638580625194,5.88423555982979,4.556716936352794,1.4757338875898638,-1.4757338875898638,-32.385902135300164,1.4757338875898638,-1.4757338875898638,-32.385902135300164,spatial_holdout_subset,1.3431000006676186,13.687198300000093,0.163121223449707
anchor_failure,Residual AI,random anchor failure,123,123,42,fixed_root_model_across_measurement_seeds,0.0,random,450,7.364588043162519,7.764535299336867,7.106669499007772,10.39463350419178,16.299678435266365,7.37004826674482,7.363241893858294,4.556716936352794,2.807871106809725,-2.807871106809725,-61.62048567048255,2.807871106809725,-2.807871106809725,-61.62048567048255,spatial_holdout_subset,14.381799999682698,11.41880889999993,207.80677700042725
anchor_failure,Geometric LS,random anchor failure,123,123,42,fixed_root_model_across_measurement_seeds,1.0,random,450,7.512454378870534,9.741259043373187,5.329043203570057,14.256081702333235,33.98286848635662,8.050308773261623,7.379853156984645,7.512454378870534,0.0,0.0,0.0,0.0,0.0,0.0,spatial_holdout_subset,2.7179000007890863,1.1000010999850929e-06,0.0006723403930664
anchor_failure,KNN,random anchor failure,123,123,42,fixed_root_model_across_measurement_seeds,1.0,random,450,11.142017666069304,11.527332756471916,10.94418720691299,15.3092955714619,20.087827649899936,14.322005905779204,10.35803164575301,7.512454378870534,3.6295632871987697,-3.6295632871987697,-48.31394780123057,3.6295632871987697,-3.6295632871987697,-48.31394780123057,spatial_holdout_subset,1.4408000006369548,2.932251500000348,4.341403007507324
anchor_failure,Direct AI,random anchor failure,123,123,42,fixed_root_model_across_measurement_seeds,1.0,random,450,8.087178355056269,9.16038086846658,7.9737366768027504,13.647193000298348,21.44137939224816,11.753484719546124,7.1832967305698485,7.512454378870534,0.5747239761857346,-0.5747239761857346,-7.650282413723514,0.5747239761857346,-0.5747239761857346,-7.650282413723514,spatial_holdout_subset,1.3431000006676186,13.687198300000093,0.163121223449707
anchor_failure,Residual AI,random anchor failure,123,123,42,fixed_root_model_across_measurement_seeds,1.0,random,450,9.199493215097652,10.25546394983542,8.473583103936667,13.653319399047614,29.75071416900277,11.402969278013138,8.656253964129569,7.512454378870534,1.687038836227118,-1.687038836227118,-22.45656014859896,1.687038836227118,-1.687038836227118,-22.45656014859896,spatial_holdout_subset,14.381799999682698,11.41880889999993,207.80677700042725
anchor_failure,Geometric LS,random anchor failure,123,123,42,fixed_root_model_across_measurement_seeds,2.0,random,450,9.859478235620596,13.437898812566852,5.232860353905913,25.94691789827449,32.92938057805264,9.338848810234389,10.200184256645397,9.859478235620596,0.0,0.0,0.0,0.0,0.0,0.0,spatial_holdout_subset,2.7179000007890863,1.1000010999850929e-06,0.0006723403930664
anchor_failure,KNN,random anchor failure,123,123,42,fixed_root_model_across_measurement_seeds,2.0,random,450,12.479379182270872,12.807811866488963,11.992706105429738,16.56519916046482,20.772846665177006,14.239449398466936,11.32756852608374,9.859478235620596,2.619900946650276,-2.619900946650276,-26.572409655361124,2.619900946650276,-2.619900946650276,-26.572409655361124,spatial_holdout_subset,1.4408000006369548,2.932251500000348,4.341403007507324
anchor_failure,Direct AI,random anchor failure,123,123,42,fixed_root_model_across_measurement_seeds,2.0,random,450,14.411784473116963,15.97597625478661,15.64685428762022,22.608289521162085,28.46568573325048,17.885321314698654,12.138661098846596,9.859478235620596,4.552306237496367,-4.552306237496367,-46.17187774754317,4.552306237496367,-4.552306237496367,-46.17187774754317,spatial_holdout_subset,1.3431000006676186,13.687198300000093,0.163121223449707
anchor_failure,Residual AI,random anchor failure,123,123,42,fixed_root_model_across_measurement_seeds,2.0,random,450,11.717056608270571,12.938834378520296,9.81104517615706,20.393468439118887,27.71135829677467,12.74091211916746,11.047033516580695,9.859478235620596,1.8575783726499768,-1.8575783726499768,-18.84053423779431,1.8575783726499768,-1.8575783726499768,-18.84053423779431,spatial_holdout_subset,14.381799999682698,11.41880889999993,207.80677700042725
anchor_failure,Geometric LS,random anchor failure,123,123,42,fixed_root_model_across_measurement_seeds,3.0,random,450,11.2846972783144,12.781355145081934,10.566850425855748,19.141405983829944,31.41627179036061,10.322475206873186,12.434669997841706,11.2846972783144,0.0,0.0,0.0,0.0,0.0,0.0,spatial_holdout_subset,2.7179000007890863,1.1000010999850929e-06,0.0006723403930664
anchor_failure,KNN,random anchor failure,123,123,42,fixed_root_model_across_measurement_seeds,3.0,random,450,14.601664981856382,14.793506940137782,14.395018872773369,17.862978146218495,20.855225397428026,14.62272247156128,14.576498713672478,11.2846972783144,3.316967703541984,-3.316967703541984,-29.39350185242578,3.316967703541984,-3.316967703541984,-29.39350185242578,spatial_holdout_subset,1.4408000006369548,2.932251500000348,4.341403007507324
anchor_failure,Direct AI,random anchor failure,123,123,42,fixed_root_model_across_measurement_seeds,3.0,random,450,15.090829718970356,16.703805412035965,16.636127803500916,24.2359933389492,28.58671041524698,15.039566199021662,15.15209587695782,11.2846972783144,3.806132440655956,-3.806132440655956,-33.728263566007506,3.806132440655956,-3.806132440655956,-33.728263566007506,spatial_holdout_subset,1.3431000006676186,13.687198300000093,0.163121223449707
anchor_failure,Residual AI,random anchor failure,123,123,42,fixed_root_model_across_measurement_seeds,3.0,random,450,11.851240882705971,12.298376686507442,11.294623547456624,16.360959057708712,24.483499107187697,11.60284719433652,12.148101632220682,11.2846972783144,0.5665436043915726,-0.5665436043915726,-5.020459037747422,0.5665436043915726,-0.5665436043915726,-5.020459037747422,spatial_holdout_subset,14.381799999682698,11.41880889999993,207.80677700042725
anchor_failure,Geometric LS,fixed_critical anchor failure,123,123,42,fixed_root_model_across_measurement_seeds,0.0,fixed_critical,450,4.556716936352794,5.25056925330598,4.19839701750454,6.864956135181103,15.042016619639812,2.5064118515641427,5.062193813212046,4.556716936352794,0.0,0.0,0.0,0.0,0.0,0.0,spatial_holdout_subset,2.7179000007890863,1.1000010999850929e-06,0.0006723403930664
anchor_failure,KNN,fixed_critical anchor failure,123,123,42,fixed_root_model_across_measurement_seeds,0.0,fixed_critical,450,7.697619034241771,8.221240753127939,7.287214150085395,11.630004247623484,16.731889220482223,7.144040544639223,7.834096833617468,4.556716936352794,3.140902097888977,-3.140902097888977,-68.92905883249709,3.140902097888977,-3.140902097888977,-68.92905883249709,spatial_holdout_subset,1.4408000006369548,2.932251500000348,4.341403007507324
anchor_failure,Direct AI,fixed_critical anchor failure,123,123,42,fixed_root_model_across_measurement_seeds,0.0,fixed_critical,450,6.032450823942658,6.602876054501745,5.963455481448431,9.856243754663492,12.86426076584828,6.633638580625194,5.88423555982979,4.556716936352794,1.4757338875898638,-1.4757338875898638,-32.385902135300164,1.4757338875898638,-1.4757338875898638,-32.385902135300164,spatial_holdout_subset,1.3431000006676186,13.687198300000093,0.163121223449707
anchor_failure,Residual AI,fixed_critical anchor failure,123,123,42,fixed_root_model_across_measurement_seeds,0.0,fixed_critical,450,7.364588043162519,7.764535299336867,7.106669499007772,10.39463350419178,16.299678435266365,7.37004826674482,7.363241893858294,4.556716936352794,2.807871106809725,-2.807871106809725,-61.62048567048255,2.807871106809725,-2.807871106809725,-61.62048567048255,spatial_holdout_subset,14.381799999682698,11.41880889999993,207.80677700042725
anchor_failure,Geometric LS,fixed_critical anchor failure,123,123,42,fixed_root_model_across_measurement_seeds,1.0,fixed_critical,450,5.003293109959391,5.74111487020791,4.53975519642646,8.463971070851297,15.143019856465669,3.56319955083155,5.452535124031341,5.003293109959391,0.0,0.0,0.0,0.0,0.0,0.0,spatial_holdout_subset,2.7179000007890863,1.1000010999850929e-06,0.0006723403930664
anchor_failure,KNN,fixed_critical anchor failure,123,123,42,fixed_root_model_across_measurement_seeds,1.0,fixed_critical,450,9.329165787314066,9.534275605606382,9.43135305000747,11.84488227261008,15.331140194854257,9.803259456016823,9.181270677835366,5.003293109959391,4.325872677354675,-4.325872677354675,-86.46050875459873,4.325872677354675,-4.325872677354675,-86.46050875459873,spatial_holdout_subset,1.4408000006369548,2.932251500000348,4.341403007507324
anchor_failure,Direct AI,fixed_critical anchor failure,123,123,42,fixed_root_model_across_measurement_seeds,1.0,fixed_critical,450,8.185850408954513,8.723912751460084,7.927446125471006,12.55552865361222,16.049924885882668,6.828866919374064,8.609165958182235,5.003293109959391,3.182557298995122,-3.182557298995122,-63.609251527959216,3.182557298995122,-3.182557298995122,-63.609251527959216,spatial_holdout_subset,1.3431000006676186,13.687198300000093,0.163121223449707
anchor_failure,Residual AI,fixed_critical anchor failure,123,123,42,fixed_root_model_across_measurement_seeds,1.0,fixed_critical,450,8.285388730809007,8.69953753798035,8.037677218193089,11.571347696299137,16.59509587250068,7.507054798351885,8.528192610613415,5.003293109959391,3.282095620849616,-3.282095620849616,-65.59870766548504,3.282095620849616,-3.282095620849616,-65.59870766548504,spatial_holdout_subset,14.381799999682698,11.41880889999993,207.80677700042725
anchor_failure,Geometric LS,fixed_critical anchor failure,123,123,42,fixed_root_model_across_measurement_seeds,2.0,fixed_critical,450,4.803274199630885,5.532640557483456,4.4553438952660365,8.61801851556828,14.63741377500036,3.530846117830891,5.830414940361001,4.803274199630885,0.0,0.0,0.0,0.0,0.0,0.0,spatial_holdout_subset,2.7179000007890863,1.1000010999850929e-06,0.0006723403930664
anchor_failure,KNN,fixed_critical anchor failure,123,123,42,fixed_root_model_across_measurement_seeds,2.0,fixed_critical,450,10.676174790045891,10.839719491526536,10.586098906505145,13.249528612278548,15.086971561418917,11.664385042820546,9.878462899251891,4.803274199630885,5.872900590415006,-5.872900590415006,-122.26869311076013,5.872900590415006,-5.872900590415006,-122.26869311076013,spatial_holdout_subset,1.4408000006369548,2.932251500000348,4.341403007507324
anchor_failure,Direct AI,fixed_critical anchor failure,123,123,42,fixed_root_model_across_measurement_seeds,2.0,fixed_critical,450,18.95651864210133,19.06121749606947,18.95078875675255,21.69923016354252,23.599400141224105,17.911923877162433,19.799745741509835,4.803274199630885,14.153244442470443,-14.153244442470443,-294.65826547145844,14.153244442470443,-14.153244442470443,-294.65826547145844,spatial_holdout_subset,1.3431000006676186,13.687198300000093,0.163121223449707
anchor_failure,Residual AI,fixed_critical anchor failure,123,123,42,fixed_root_model_across_measurement_seeds,2.0,fixed_critical,450,8.6606213530798,8.95154797691423,8.6628448646922,11.559426085876884,14.47310708287769,7.9221741507582975,9.256717287483903,4.803274199630885,3.857347153448916,-3.857347153448916,-80.30661988327336,3.857347153448916,-3.857347153448916,-80.30661988327336,spatial_holdout_subset,14.381799999682698,11.41880889999993,207.80677700042725
noise,Geometric LS,RSS noise,2026,2026,42,fixed_root_model_across_measurement_seeds,0.5,not_applicable,450,4.380864574456098,5.296685822067296,3.902954290696294,6.592914749853724,15.14301985673072,2.300896314929059,4.915381557351314,4.380864574456098,0.0,0.0,0.0,0.0,0.0,0.0,spatial_holdout_subset,2.7179000007890863,1.1000010999850929e-06,0.0006723403930664
noise,KNN,RSS noise,2026,2026,42,fixed_root_model_across_measurement_seeds,0.5,not_applicable,450,7.300910857200403,7.877310992710503,6.988848685033071,11.242015803863948,16.199941894768095,7.010671952686149,7.375497391321383,4.380864574456098,2.920046282744305,-2.920046282744305,-66.65456631027772,2.920046282744305,-2.920046282744305,-66.65456631027772,spatial_holdout_subset,1.4408000006369548,2.932251500000348,4.341403007507324
noise,Direct AI,RSS noise,2026,2026,42,fixed_root_model_across_measurement_seeds,0.5,not_applicable,450,5.358550622271763,5.8309282264234765,5.215464021859222,8.584253930706838,12.113360873627988,6.433910848222975,5.082201066999385,4.380864574456098,0.9776860478156656,-0.9776860478156656,-22.317194042389435,0.9776860478156656,-0.9776860478156656,-22.317194042389435,spatial_holdout_subset,1.3431000006676186,13.687198300000093,0.163121223449707
noise,Residual AI,RSS noise,2026,2026,42,fixed_root_model_across_measurement_seeds,0.5,not_applicable,450,7.24733746821568,7.719656998594752,7.243373515725937,10.12477288688332,16.01047933253565,7.281628091822357,7.238525352651955,4.380864574456098,2.8664728937595827,-2.8664728937595827,-65.4316709645257,2.8664728937595827,-2.8664728937595827,-65.4316709645257,spatial_holdout_subset,14.381799999682698,11.41880889999993,207.80677700042725
noise,Geometric LS,RSS noise,2026,2026,42,fixed_root_model_across_measurement_seeds,1.0,not_applicable,450,4.47587465410859,5.362482637069357,4.056526416204606,6.9271228595991685,15.143019856786058,2.346054593614099,5.023202714347398,4.47587465410859,0.0,0.0,0.0,0.0,0.0,0.0,spatial_holdout_subset,2.7179000007890863,1.1000010999850929e-06,0.0006723403930664
noise,KNN,RSS noise,2026,2026,42,fixed_root_model_across_measurement_seeds,1.0,not_applicable,450,7.337275091998245,7.911394691946153,7.042863205803943,11.242796978204936,16.201911192140336,7.07874392294525,7.403713269520244,4.47587465410859,2.861400437889656,-2.861400437889656,-63.92941400320624,2.861400437889656,-2.861400437889656,-63.92941400320624,spatial_holdout_subset,1.4408000006369548,2.932251500000348,4.341403007507324
noise,Direct AI,RSS noise,2026,2026,42,fixed_root_model_across_measurement_seeds,1.0,not_applicable,450,5.42024843678083,5.890484138813317,5.313738673996351,8.547612901858157,11.810963928281945,6.473206414179492,5.149655883929778,4.47587465410859,0.9443737826722404,-0.9443737826722404,-21.09920084123359,0.9443737826722404,-0.9443737826722404,-21.09920084123359,spatial_holdout_subset,1.3431000006676186,13.687198300000093,0.163121223449707
noise,Residual AI,RSS noise,2026,2026,42,fixed_root_model_across_measurement_seeds,1.0,not_applicable,450,7.31231702032611,7.768954233113346,7.324731975653588,10.127811087326153,16.01930712666493,7.341446598356223,7.304831206977589,4.47587465410859,2.83644236621752,-2.83644236621752,-63.371800718633466,2.83644236621752,-2.83644236621752,-63.371800718633466,spatial_holdout_subset,14.381799999682698,11.41880889999993,207.80677700042725
noise,Geometric LS,RSS noise,2026,2026,42,fixed_root_model_across_measurement_seeds,2.0,not_applicable,450,4.763669322790865,5.676651687729804,4.241332645367429,8.343186442389719,15.143019856786058,2.758362751015848,5.278999503247015,4.763669322790865,0.0,0.0,0.0,0.0,0.0,0.0,spatial_holdout_subset,2.7179000007890863,1.1000010999850929e-06,0.0006723403930664
noise,KNN,RSS noise,2026,2026,42,fixed_root_model_across_measurement_seeds,2.0,not_applicable,450,7.58917071990136,8.165867165176266,7.188758087837726,11.822689964046544,16.23158260349622,7.257382856143556,7.674434640196662,4.763669322790865,2.8255013971104948,-2.8255013971104948,-59.31355024145827,2.8255013971104948,-2.8255013971104948,-59.31355024145827,spatial_holdout_subset,1.4408000006369548,2.932251500000348,4.341403007507324
noise,Direct AI,RSS noise,2026,2026,42,fixed_root_model_across_measurement_seeds,2.0,not_applicable,450,5.597267042932883,6.078010974682603,5.487307406874153,8.885317912225574,11.771464277878332,6.568323812523763,5.347721727842489,4.763669322790865,0.8335977201420173,-0.8335977201420173,-17.49906770719429,0.8335977201420173,-0.8335977201420173,-17.49906770719429,spatial_holdout_subset,1.3431000006676186,13.687198300000093,0.163121223449707
noise,Residual AI,RSS noise,2026,2026,42,fixed_root_model_across_measurement_seeds,2.0,not_applicable,450,7.506878094490874,7.914518593145476,7.531201361429677,10.255696769682144,16.07791854965917,7.5099131833090915,7.506098127532002,4.763669322790865,2.743208771700009,-2.743208771700009,-57.58604524826379,2.743208771700009,-2.743208771700009,-57.58604524826379,spatial_holdout_subset,14.381799999682698,11.41880889999993,207.80677700042725
noise,Geometric LS,RSS noise,2026,2026,42,fixed_root_model_across_measurement_seeds,3.0,not_applicable,450,5.4089582535790495,6.59960872777808,4.582037824257549,11.15231600326088,25.692888488413185,3.405511800291092,5.923810414759196,5.4089582535790495,0.0,0.0,0.0,0.0,0.0,0.0,spatial_holdout_subset,2.7179000007890863,1.1000010999850929e-06,0.0006723403930664
noise,KNN,RSS noise,2026,2026,42,fixed_root_model_across_measurement_seeds,3.0,not_applicable,450,7.916154845246516,8.489780591068303,7.478704222871766,12.64976043207734,16.688854935460895,7.729040804271288,7.964240017787636,5.4089582535790495,2.5071965916674666,-2.5071965916674666,-46.35267040577512,2.5071965916674666,-2.5071965916674666,-46.35267040577512,spatial_holdout_subset,1.4408000006369548,2.932251500000348,4.341403007507324
noise,Direct AI,RSS noise,2026,2026,42,fixed_root_model_across_measurement_seeds,3.0,not_applicable,450,5.83898086634418,6.3573363827054425,5.729755233240411,9.084753980369994,13.408867649135862,6.702655820890084,5.61703087802512,5.4089582535790495,0.4300226127651303,-0.4300226127651303,-7.950192857942451,0.4300226127651303,-0.4300226127651303,-7.950192857942451,spatial_holdout_subset,1.3431000006676186,13.687198300000093,0.163121223449707
noise,Residual AI,RSS noise,2026,2026,42,fixed_root_model_across_measurement_seeds,3.0,not_applicable,450,7.863426899892491,8.288226210668759,7.834300239880551,10.722567648624135,18.03102849379342,7.697356676355713,7.906104164041607,5.4089582535790495,2.4544686463134413,-2.4544686463134413,-45.37784414751854,2.4544686463134413,-2.4544686463134413,-45.37784414751854,spatial_holdout_subset,14.381799999682698,11.41880889999993,207.80677700042725
noise,Geometric LS,RSS noise,2026,2026,42,fixed_root_model_across_measurement_seeds,5.0,not_applicable,450,6.703880722124159,8.189683138872494,5.303999765423679,13.047600068937973,28.052866785750776,5.927366765496288,6.903431794777131,6.703880722124159,0.0,0.0,0.0,0.0,0.0,0.0,spatial_holdout_subset,2.7179000007890863,1.1000010999850929e-06,0.0006723403930664
noise,KNN,RSS noise,2026,2026,42,fixed_root_model_across_measurement_seeds,5.0,not_applicable,450,8.61369082336983,9.186000094951458,8.23781403429587,13.453222496328282,19.98568641005159,8.750513060181685,8.578529801619297,6.703880722124159,1.9098101012456707,-1.9098101012456707,-28.488127704046285,1.9098101012456707,-1.9098101012456707,-28.488127704046285,spatial_holdout_subset,1.4408000006369548,2.932251500000348,4.341403007507324
noise,Direct AI,RSS noise,2026,2026,42,fixed_root_model_across_measurement_seeds,5.0,not_applicable,450,6.568110393469473,7.257937572139152,6.224067947130249,10.827101764843327,19.35344639397671,7.486972331169979,6.331978275401188,6.703880722124159,-0.1357703286546856,0.1357703286546856,2.0252497662527937,-0.1357703286546856,0.1357703286546856,2.0252497662527937,spatial_holdout_subset,1.3431000006676186,13.687198300000093,0.163121223449707
noise,Residual AI,RSS noise,2026,2026,42,fixed_root_model_across_measurement_seeds,5.0,not_applicable,450,8.627610219694741,9.19240822290084,8.34089628933691,12.12471696241216,23.702964208604616,8.734185542304557,8.600222147962608,6.703880722124159,1.9237294975705828,-1.9237294975705828,-28.69575962504654,1.9237294975705828,-1.9237294975705828,-28.69575962504654,spatial_holdout_subset,14.381799999682698,11.41880889999993,207.80677700042725
noise,Geometric LS,RSS noise,2026,2026,42,fixed_root_model_across_measurement_seeds,7.0,not_applicable,450,8.187569784584376,9.906907795539476,6.4559577074637495,14.534440460026282,33.954606186489634,8.710866479411555,8.053091304349456,8.187569784584376,0.0,0.0,0.0,0.0,0.0,0.0,spatial_holdout_subset,2.7179000007890863,1.1000010999850929e-06,0.0006723403930664
noise,KNN,RSS noise,2026,2026,42,fixed_root_model_across_measurement_seeds,7.0,not_applicable,450,9.321865622028907,9.991220367030945,8.652015630804051,14.329037253389476,24.086705403049493,9.93632313447842,9.16396033949998,8.187569784584376,1.134295837444531,-1.134295837444531,-13.853876880294724,1.134295837444531,-1.134295837444531,-13.853876880294724,spatial_holdout_subset,1.4408000006369548,2.932251500000348,4.341403007507324
noise,Direct AI,RSS noise,2026,2026,42,fixed_root_model_across_measurement_seeds,7.0,not_applicable,450,7.552630298834554,8.507083322791841,6.973539523469498,12.769252122992,23.24571453237229,8.588463857479145,7.286438434601867,8.187569784584376,-0.6349394857498218,0.6349394857498218,7.754919987922316,-0.6349394857498218,0.6349394857498218,7.754919987922316,spatial_holdout_subset,1.3431000006676186,13.687198300000093,0.163121223449707
noise,Residual AI,RSS noise,2026,2026,42,fixed_root_model_across_measurement_seeds,7.0,not_applicable,450,9.532570485860544,10.2135492292107,9.040256315355684,14.062281637292912,30.088734857027937,10.13220272805406,9.378475049319196,8.187569784584376,1.3450007012761684,-1.3450007012761684,-16.427349465876272,1.3450007012761684,-1.3450007012761684,-16.427349465876272,spatial_holdout_subset,14.381799999682698,11.41880889999993,207.80677700042725
wall_attenuation,Geometric LS,Wall/NLoS severity,2026,2026,42,fixed_root_model_across_measurement_seeds,0.75,not_applicable,450,4.319413149168634,5.114114327570378,3.996497870332632,6.480460656991265,15.143019856786058,2.471728037114195,4.794237256177037,4.319413149168634,0.0,0.0,0.0,0.0,0.0,0.0,spatial_holdout_subset,2.7179000007890863,1.1000010999850929e-06,0.0006723403930664
wall_attenuation,KNN,Wall/NLoS severity,2026,2026,42,fixed_root_model_across_measurement_seeds,0.75,not_applicable,450,7.408053884892312,7.993159860732577,7.067373428673434,11.400899089002449,16.558474096413775,7.117655279299227,7.482681459513997,4.319413149168634,3.0886407357236783,-3.0886407357236783,-71.50602707032448,3.0886407357236783,-3.0886407357236783,-71.50602707032448,spatial_holdout_subset,1.4408000006369548,2.932251500000348,4.341403007507324
wall_attenuation,Direct AI,Wall/NLoS severity,2026,2026,42,fixed_root_model_across_measurement_seeds,0.75,not_applicable,450,5.657817395521227,6.125598139542506,5.517197968840579,8.891755691936885,11.869206740837392,6.525271531694432,5.434896220862193,4.319413149168634,1.3384042463525931,-1.3384042463525931,-30.985789044287152,1.3384042463525931,-1.3384042463525931,-30.985789044287152,spatial_holdout_subset,1.3431000006676186,13.687198300000093,0.163121223449707
wall_attenuation,Residual AI,Wall/NLoS severity,2026,2026,42,fixed_root_model_across_measurement_seeds,0.75,not_applicable,450,7.328977264918485,7.736807364604703,7.384939061161514,10.092801380421482,16.057959932575603,7.440348005552819,7.300356851124189,4.319413149168634,3.009564115749852,-3.009564115749852,-69.67530106095798,3.009564115749852,-3.009564115749852,-69.67530106095798,spatial_holdout_subset,14.381799999682698,11.41880889999993,207.80677700042725
wall_attenuation,Geometric LS,Wall/NLoS severity,2026,2026,42,fixed_root_model_across_measurement_seeds,1.0,not_applicable,450,4.587164861205771,5.490752727173654,4.080170875815183,7.18217509275079,15.14301985678526,2.471728037114195,5.130796670748858,4.587164861205771,0.0,0.0,0.0,0.0,0.0,0.0,spatial_holdout_subset,2.7179000007890863,1.1000010999850929e-06,0.0006723403930664
wall_attenuation,KNN,Wall/NLoS severity,2026,2026,42,fixed_root_model_across_measurement_seeds,1.0,not_applicable,450,7.452951029239381,8.028196172088894,7.138373558708024,11.552867543261696,16.244477182561926,7.117655279299227,7.539116417492157,4.587164861205771,2.86578616803361,-2.86578616803361,-62.47401727960386,2.86578616803361,-2.86578616803361,-62.47401727960386,spatial_holdout_subset,1.4408000006369548,2.932251500000348,4.341403007507324
wall_attenuation,Direct AI,Wall/NLoS severity,2026,2026,42,fixed_root_model_across_measurement_seeds,1.0,not_applicable,450,5.504505705179367,5.976545912475524,5.380814346292499,8.492926878841077,11.50908555005464,6.525271531694432,5.242185995572143,4.587164861205771,0.9173408439735962,-0.9173408439735962,-19.997991607663,0.9173408439735962,-0.9173408439735962,-19.997991607663,spatial_holdout_subset,1.3431000006676186,13.687198300000093,0.163121223449707
wall_attenuation,Residual AI,Wall/NLoS severity,2026,2026,42,fixed_root_model_across_measurement_seeds,1.0,not_applicable,450,7.405413630604153,7.845071638959514,7.390744428860801,10.199463955843486,16.041739462985824,7.440348005552819,7.396436081734664,4.587164861205771,2.818248769398382,-2.818248769398382,-61.43770399953717,2.818248769398382,-2.818248769398382,-61.43770399953717,spatial_holdout_subset,14.381799999682698,11.41880889999993,207.80677700042725
wall_attenuation,Geometric LS,Wall/NLoS severity,2026,2026,42,fixed_root_model_across_measurement_seeds,1.35,not_applicable,450,4.9393124730105855,5.911804367284971,4.356811940155044,8.648157619854807,17.154174876816707,2.471728037114195,5.573440316872227,4.9393124730105855,0.0,0.0,0.0,0.0,0.0,0.0,spatial_holdout_subset,2.7179000007890863,1.1000010999850929e-06,0.0006723403930664
wall_attenuation,KNN,Wall/NLoS severity,2026,2026,42,fixed_root_model_across_measurement_seeds,1.35,not_applicable,450,7.529292572301612,8.099093091552579,7.197247711053008,11.631198708379548,16.245678036071766,7.117655279299227,7.635076457654181,4.9393124730105855,2.5899800992910267,-2.5899800992910267,-52.43604476216495,2.5899800992910267,-2.5899800992910267,-52.43604476216495,spatial_holdout_subset,1.4408000006369548,2.932251500000348,4.341403007507324
wall_attenuation,Direct AI,Wall/NLoS severity,2026,2026,42,fixed_root_model_across_measurement_seeds,1.35,not_applicable,450,5.321986749238061,5.811760526317446,5.155676329464172,8.37456387032616,11.461532928023992,6.525271531694432,5.012762726930838,4.9393124730105855,0.3826742762274753,-0.3826742762274753,-7.747521103766687,0.3826742762274753,-0.3826742762274753,-7.747521103766687,spatial_holdout_subset,1.3431000006676186,13.687198300000093,0.163121223449707
wall_attenuation,Residual AI,Wall/NLoS severity,2026,2026,42,fixed_root_model_across_measurement_seeds,1.35,not_applicable,450,7.494068552157946,7.953541533590731,7.412471268599463,10.47080351440446,16.019563566911586,7.440348005552819,7.507873832291108,4.9393124730105855,2.554756079147361,-2.554756079147361,-51.72290866607592,2.554756079147361,-2.554756079147361,-51.72290866607592,spatial_holdout_subset,14.381799999682698,11.41880889999993,207.80677700042725
wall_attenuation,Geometric LS,Wall/NLoS severity,2026,2026,42,fixed_root_model_across_measurement_seeds,1.65,not_applicable,450,5.3573785448897,6.41259221875471,4.7741241946123925,10.341177999100015,24.44940057409777,2.471728037114195,6.098942362530333,5.3573785448897,0.0,0.0,0.0,0.0,0.0,0.0,spatial_holdout_subset,2.7179000007890863,1.1000010999850929e-06,0.0006723403930664
wall_attenuation,KNN,Wall/NLoS severity,2026,2026,42,fixed_root_model_across_measurement_seeds,1.65,not_applicable,450,7.610585902895024,8.18110217362736,7.179609531066431,12.071457971602737,16.246869703920712,7.117655279299227,7.737260811752043,5.3573785448897,2.253207358005324,-2.253207358005324,-42.05802033822334,2.253207358005324,-2.253207358005324,-42.05802033822334,spatial_holdout_subset,1.4408000006369548,2.932251500000348,4.341403007507324
wall_attenuation,Direct AI,Wall/NLoS severity,2026,2026,42,fixed_root_model_across_measurement_seeds,1.65,not_applicable,450,5.20327582707828,5.715792084466421,4.895432959751366,8.372583765226606,11.61185451120764,6.525271531694432,4.863545087344521,5.3573785448897,-0.15410271781142,0.15410271781142,2.876457515932221,-0.15410271781142,0.15410271781142,2.876457515932221,spatial_holdout_subset,1.3431000006676186,13.687198300000093,0.163121223449707
wall_attenuation,Residual AI,Wall/NLoS severity,2026,2026,42,fixed_root_model_across_measurement_seeds,1.65,not_applicable,450,7.618453372216416,8.096398768967692,7.636355036838982,10.518883298132216,16.577018292102476,7.440348005552819,7.664223466442817,5.3573785448897,2.2610748273267154,-2.2610748273267154,-42.20487330475296,2.2610748273267154,-2.2610748273267154,-42.20487330475296,spatial_holdout_subset,14.381799999682698,11.41880889999993,207.80677700042725
anchor_failure,Geometric LS,random anchor failure,2026,2026,42,fixed_root_model_across_measurement_seeds,0.0,random,450,4.589937035595725,5.484076960473381,4.091245212544053,7.136866593147338,15.14301985678526,2.488112724158553,5.108115328443118,4.589937035595725,0.0,0.0,0.0,0.0,0.0,0.0,spatial_holdout_subset,2.7179000007890863,1.1000010999850929e-06,0.0006723403930664
anchor_failure,KNN,random anchor failure,2026,2026,42,fixed_root_model_across_measurement_seeds,0.0,random,450,7.424612180162771,8.002824432820658,7.138373558708024,11.7235838779666,16.244477182561926,6.946822365577707,7.542405236944131,4.589937035595725,2.8346751445670453,-2.8346751445670453,-61.75847560835079,2.8346751445670453,-2.8346751445670453,-61.75847560835079,spatial_holdout_subset,1.4408000006369548,2.932251500000348,4.341403007507324
anchor_failure,Direct AI,random anchor failure,2026,2026,42,fixed_root_model_across_measurement_seeds,0.0,random,450,5.508047374341095,5.976887917490293,5.354295931757293,8.484367151457752,11.432573941320348,6.571806847576903,5.245790883709552,4.589937035595725,0.9181103387453692,-0.9181103387453692,-20.002678285677355,0.9181103387453692,-0.9181103387453692,-20.002678285677355,spatial_holdout_subset,1.3431000006676186,13.687198300000093,0.163121223449707
anchor_failure,Residual AI,random anchor failure,2026,2026,42,fixed_root_model_across_measurement_seeds,0.0,random,450,7.3908279526813185,7.8326554086611555,7.384835248870861,10.07552339137097,16.041739462985824,7.411160865464709,7.385815129308127,4.589937035595725,2.800890917085593,-2.800890917085593,-61.02242569700233,2.800890917085593,-2.800890917085593,-61.02242569700233,spatial_holdout_subset,14.381799999682698,11.41880889999993,207.80677700042725
anchor_failure,Geometric LS,random anchor failure,2026,2026,42,fixed_root_model_across_measurement_seeds,1.0,random,450,3.881941065060489,4.337150837599489,3.829761058923863,6.055285498550847,14.531980528412165,2.409181580404772,4.28133346767899,3.881941065060489,0.0,0.0,0.0,0.0,0.0,0.0,spatial_holdout_subset,2.7179000007890863,1.1000010999850929e-06,0.0006723403930664
anchor_failure,KNN,random anchor failure,2026,2026,42,fixed_root_model_across_measurement_seeds,1.0,random,450,9.017571142618486,9.332576501168887,9.347283026005384,11.844648328997147,16.874460926577544,9.367526629962038,8.922667959610063,3.881941065060489,5.135630077557996,-5.135630077557996,-132.2954159139964,5.135630077557996,-5.135630077557996,-132.2954159139964,spatial_holdout_subset,1.4408000006369548,2.932251500000348,4.341403007507324
anchor_failure,Direct AI,random anchor failure,2026,2026,42,fixed_root_model_across_measurement_seeds,1.0,random,450,6.064768338996401,6.370725261621481,6.0377532286099065,8.625492806275272,13.951887385542287,5.406148104938584,6.243377216029028,3.881941065060489,2.182827273935912,-2.182827273935912,-56.23030430787588,2.182827273935912,-2.182827273935912,-56.23030430787588,spatial_holdout_subset,1.3431000006676186,13.687198300000093,0.163121223449707
anchor_failure,Residual AI,random anchor failure,2026,2026,42,fixed_root_model_across_measurement_seeds,1.0,random,450,7.207228916040242,7.488238011088335,7.436529907576708,9.78274504369043,12.076695199424892,7.187157990153156,7.212671878992673,3.881941065060489,3.3252878509797523,-3.3252878509797523,-85.66044139384525,3.3252878509797523,-3.3252878509797523,-85.66044139384525,spatial_holdout_subset,14.381799999682698,11.41880889999993,207.80677700042725
anchor_failure,Geometric LS,random anchor failure,2026,2026,42,fixed_root_model_across_measurement_seeds,2.0,random,450,3.849013191070779,4.42909812501038,3.5819630367501563,6.153766431986923,14.34068093358884,2.936975029779421,4.639950849618056,3.849013191070779,0.0,0.0,0.0,0.0,0.0,0.0,spatial_holdout_subset,2.7179000007890863,1.1000010999850929e-06,0.0006723403930664
anchor_failure,KNN,random anchor failure,2026,2026,42,fixed_root_model_across_measurement_seeds,2.0,random,450,10.368461347662006,10.573727677358482,10.479086247848668,13.204900061481846,15.09791687405931,9.79300959474949,10.867504569067464,3.849013191070779,6.519448156591227,-6.519448156591227,-169.3797301530563,6.519448156591227,-6.519448156591227,-169.3797301530563,spatial_holdout_subset,1.4408000006369548,2.932251500000348,4.341403007507324
anchor_failure,Direct AI,random anchor failure,2026,2026,42,fixed_root_model_across_measurement_seeds,2.0,random,450,7.953020088640892,8.22326828204959,7.977196761564585,10.487950233375017,14.245454715492084,8.819041045337176,7.201989466443699,3.849013191070779,4.104006897570113,-4.104006897570113,-106.62491121336988,4.104006897570113,-4.104006897570113,-106.62491121336988,spatial_holdout_subset,1.3431000006676186,13.687198300000093,0.163121223449707
anchor_failure,Residual AI,random anchor failure,2026,2026,42,fixed_root_model_across_measurement_seeds,2.0,random,450,7.297396718546647,7.521991023839615,7.519089276907401,9.649809489721736,12.463344723922976,6.94223310007118,7.605401682286784,3.849013191070779,3.448383527475868,-3.448383527475868,-89.59136683334,3.448383527475868,-3.448383527475868,-89.59136683334,spatial_holdout_subset,14.381799999682698,11.41880889999993,207.80677700042725
anchor_failure,Geometric LS,random anchor failure,2026,2026,42,fixed_root_model_across_measurement_seeds,3.0,random,450,4.862644316782551,5.759342019184619,4.588173771313234,9.021089554819625,24.449400574097783,3.210077595933741,6.401730061092387,4.862644316782551,0.0,0.0,0.0,0.0,0.0,0.0,spatial_holdout_subset,2.7179000007890863,1.1000010999850929e-06,0.0006723403930664
anchor_failure,KNN,random anchor failure,2026,2026,42,fixed_root_model_across_measurement_seeds,3.0,random,450,15.909261802705842,16.001621341134634,16.04291032491391,18.050858934905477,19.589678022777747,16.09501491663695,15.736264267413784,4.862644316782551,11.046617485923292,-11.046617485923292,-227.1730516624023,11.046617485923292,-11.046617485923292,-227.1730516624023,spatial_holdout_subset,1.4408000006369548,2.932251500000348,4.341403007507324
anchor_failure,Direct AI,random anchor failure,2026,2026,42,fixed_root_model_across_measurement_seeds,3.0,random,450,8.45298426433166,8.711839899608075,8.403769861929936,11.398543121796614,13.811804714316883,7.852239885975703,9.012475809839136,4.862644316782551,3.5903399475491087,-3.5903399475491087,-73.8351340063613,3.5903399475491087,-3.5903399475491087,-73.8351340063613,spatial_holdout_subset,1.3431000006676186,13.687198300000093,0.163121223449707
anchor_failure,Residual AI,random anchor failure,2026,2026,42,fixed_root_model_across_measurement_seeds,3.0,random,450,8.74376594621013,8.893065708499751,8.753351747586983,10.685020402266645,15.728403342423332,8.515345356276832,8.956501002070755,4.862644316782551,3.88112162942758,-3.88112162942758,-79.81504252804548,3.88112162942758,-3.88112162942758,-79.81504252804548,spatial_holdout_subset,14.381799999682698,11.41880889999993,207.80677700042725
anchor_failure,Geometric LS,fixed_critical anchor failure,2026,2026,42,fixed_root_model_across_measurement_seeds,0.0,fixed_critical,450,4.589937035595725,5.484076960473381,4.091245212544053,7.136866593147338,15.14301985678526,2.488112724158553,5.108115328443118,4.589937035595725,0.0,0.0,0.0,0.0,0.0,0.0,spatial_holdout_subset,2.7179000007890863,1.1000010999850929e-06,0.0006723403930664
anchor_failure,KNN,fixed_critical anchor failure,2026,2026,42,fixed_root_model_across_measurement_seeds,0.0,fixed_critical,450,7.424612180162771,8.002824432820658,7.138373558708024,11.7235838779666,16.244477182561926,6.946822365577707,7.542405236944131,4.589937035595725,2.8346751445670453,-2.8346751445670453,-61.75847560835079,2.8346751445670453,-2.8346751445670453,-61.75847560835079,spatial_holdout_subset,1.4408000006369548,2.932251500000348,4.341403007507324
anchor_failure,Direct AI,fixed_critical anchor failure,2026,2026,42,fixed_root_model_across_measurement_seeds,0.0,fixed_critical,450,5.508047374341095,5.976887917490293,5.354295931757293,8.484367151457752,11.432573941320348,6.571806847576903,5.245790883709552,4.589937035595725,0.9181103387453692,-0.9181103387453692,-20.002678285677355,0.9181103387453692,-0.9181103387453692,-20.002678285677355,spatial_holdout_subset,1.3431000006676186,13.687198300000093,0.163121223449707
anchor_failure,Residual AI,fixed_critical anchor failure,2026,2026,42,fixed_root_model_across_measurement_seeds,0.0,fixed_critical,450,7.3908279526813185,7.8326554086611555,7.384835248870861,10.07552339137097,16.041739462985824,7.411160865464709,7.385815129308127,4.589937035595725,2.800890917085593,-2.800890917085593,-61.02242569700233,2.800890917085593,-2.800890917085593,-61.02242569700233,spatial_holdout_subset,14.381799999682698,11.41880889999993,207.80677700042725
anchor_failure,Geometric LS,fixed_critical anchor failure,2026,2026,42,fixed_root_model_across_measurement_seeds,1.0,fixed_critical,450,4.646770271244022,5.720561436105987,4.01372493298379,8.567073478144057,18.88603628623644,2.664390961879298,5.26518014326159,4.646770271244022,0.0,0.0,0.0,0.0,0.0,0.0,spatial_holdout_subset,2.7179000007890863,1.1000010999850929e-06,0.0006723403930664
anchor_failure,KNN,fixed_critical anchor failure,2026,2026,42,fixed_root_model_across_measurement_seeds,1.0,fixed_critical,450,9.145507778721637,9.413735087334183,9.307836043099694,12.103721762623982,14.727802286032784,9.203325361703588,9.127471389861377,4.646770271244022,4.498737507477613,-4.498737507477613,-96.81428701817924,4.498737507477613,-4.498737507477613,-96.81428701817924,spatial_holdout_subset,1.4408000006369548,2.932251500000348,4.341403007507324
anchor_failure,Direct AI,fixed_critical anchor failure,2026,2026,42,fixed_root_model_across_measurement_seeds,1.0,fixed_critical,450,8.163068656657195,8.726909421941182,7.797622381114159,12.751472075520352,17.195292353651443,6.827370448945441,8.579744190841327,4.646770271244022,3.5162983854131733,-3.5162983854131733,-75.67187917968234,3.5162983854131733,-3.5162983854131733,-75.67187917968234,spatial_holdout_subset,1.3431000006676186,13.687198300000093,0.163121223449707
anchor_failure,Residual AI,fixed_critical anchor failure,2026,2026,42,fixed_root_model_across_measurement_seeds,1.0,fixed_critical,450,8.230422991359648,8.684990071841787,8.200094878676817,11.704939640775743,16.501668421376067,7.821912366274658,8.357859250496949,4.646770271244022,3.5836527201156256,-3.5836527201156256,-77.12136625932702,3.5836527201156256,-3.5836527201156256,-77.12136625932702,spatial_holdout_subset,14.381799999682698,11.41880889999993,207.80677700042725
anchor_failure,Geometric LS,fixed_critical anchor failure,2026,2026,42,fixed_root_model_across_measurement_seeds,2.0,fixed_critical,450,4.150983813389307,4.90060168949784,3.944514554715256,6.75111681249494,14.531980528413108,2.9987518743035038,5.081098752169414,4.150983813389307,0.0,0.0,0.0,0.0,0.0,0.0,spatial_holdout_subset,2.7179000007890863,1.1000010999850929e-06,0.0006723403930664
anchor_failure,KNN,fixed_critical anchor failure,2026,2026,42,fixed_root_model_across_measurement_seeds,2.0,fixed_critical,450,10.83377942970928,11.009020974166637,10.684072009651924,13.520564254550797,15.931309305447536,11.957853003046374,9.926394737979338,4.150983813389307,6.682795616319972,-6.682795616319972,-160.99305409874444,6.682795616319972,-6.682795616319972,-160.99305409874444,spatial_holdout_subset,1.4408000006369548,2.932251500000348,4.341403007507324
anchor_failure,Direct AI,fixed_critical anchor failure,2026,2026,42,fixed_root_model_across_measurement_seeds,2.0,fixed_critical,450,19.345110014928984,19.440749357423343,19.230361379872104,22.010592106326285,23.75387256546643,18.400656620198024,20.10750010465157,4.150983813389307,15.194126201539678,-15.194126201539678,-366.0367489877916,15.194126201539678,-15.194126201539678,-366.0367489877916,spatial_holdout_subset,1.3431000006676186,13.687198300000093,0.163121223449707
anchor_failure,Residual AI,fixed_critical anchor failure,2026,2026,42,fixed_root_model_across_measurement_seeds,2.0,fixed_critical,450,8.500029387819252,8.804976717868017,8.853972171376217,11.235061115947795,15.71509775445728,7.942109389814102,8.950398542835456,4.150983813389307,4.349045574429945,-4.349045574429945,-104.77144142074886,4.349045574429945,-4.349045574429945,-104.77144142074886,spatial_holdout_subset,14.381799999682698,11.41880889999993,207.80677700042725
noise,Geometric LS,RSS noise,31415,31415,42,fixed_root_model_across_measurement_seeds,0.5,not_applicable,450,4.29959663322079,4.681349770372729,4.299868763566491,6.3934092102598505,14.531980528413223,3.324528181720684,4.546758831233352,4.29959663322079,0.0,0.0,0.0,0.0,0.0,0.0,spatial_holdout_subset,2.7179000007890863,1.1000010999850929e-06,0.0006723403930664
noise,KNN,RSS noise,31415,31415,42,fixed_root_model_across_measurement_seeds,0.5,not_applicable,450,7.365851372825748,7.835642753974432,7.094366964531892,10.885679300755385,15.644372595946995,7.251110423284429,7.394936126052097,4.29959663322079,3.0662547396049584,-3.0662547396049584,-71.31493954371376,3.0662547396049584,-3.0662547396049584,-71.31493954371376,spatial_holdout_subset,1.4408000006369548,2.932251500000348,4.341403007507324
noise,Direct AI,RSS noise,31415,31415,42,fixed_root_model_across_measurement_seeds,0.5,not_applicable,450,5.3254540271351205,5.783615198120208,4.868254470721944,8.521156438169342,12.93766779943038,5.734516922917969,5.221763989485431,4.29959663322079,1.0258573939143307,-1.0258573939143307,-23.859386854758743,1.0258573939143307,-1.0258573939143307,-23.859386854758743,spatial_holdout_subset,1.3431000006676186,13.687198300000093,0.163121223449707
noise,Residual AI,RSS noise,31415,31415,42,fixed_root_model_across_measurement_seeds,0.5,not_applicable,450,6.840127906764596,7.184791854527121,6.906381807480884,9.65584587229895,11.84615414372181,6.925290107901379,6.818540830710426,4.29959663322079,2.540531273543806,-2.540531273543806,-59.087665431552736,2.540531273543806,-2.540531273543806,-59.087665431552736,spatial_holdout_subset,14.381799999682698,11.41880889999993,207.80677700042725
noise,Geometric LS,RSS noise,31415,31415,42,fixed_root_model_across_measurement_seeds,1.0,not_applicable,450,4.327775764449115,4.767103195401142,4.185121932121176,6.503127359468459,14.531980528413294,3.2436516261120056,4.602581604528993,4.327775764449115,0.0,0.0,0.0,0.0,0.0,0.0,spatial_holdout_subset,2.7179000007890863,1.1000010999850929e-06,0.0006723403930664
noise,KNN,RSS noise,31415,31415,42,fixed_root_model_across_measurement_seeds,1.0,not_applicable,450,7.3794365120376275,7.848144741797125,7.095301131405341,10.972668119324338,15.859770192416317,7.238447753530129,7.415174609598025,4.327775764449115,3.051660747588513,-3.051660747588513,-70.51337485312067,3.051660747588513,-3.051660747588513,-70.51337485312067,spatial_holdout_subset,1.4408000006369548,2.932251500000348,4.341403007507324
noise,Direct AI,RSS noise,31415,31415,42,fixed_root_model_across_measurement_seeds,1.0,not_applicable,450,5.376080515974409,5.834995053793395,5.001647096929374,8.470466069426974,12.643751508090318,5.776636487442695,5.274546829613366,4.327775764449115,1.0483047515252943,-1.0483047515252943,-24.22271412804433,1.0483047515252943,-1.0483047515252943,-24.22271412804433,spatial_holdout_subset,1.3431000006676186,13.687198300000093,0.163121223449707
noise,Residual AI,RSS noise,31415,31415,42,fixed_root_model_across_measurement_seeds,1.0,not_applicable,450,6.906079347497953,7.249699430450444,6.982696335130529,9.798836714783624,11.828912902220509,6.915915842620262,6.903585974082548,4.327775764449115,2.5783035830488386,-2.5783035830488386,-59.5757202632478,2.5783035830488386,-2.5783035830488386,-59.5757202632478,spatial_holdout_subset,14.381799999682698,11.41880889999993,207.80677700042725
noise,Geometric LS,RSS noise,31415,31415,42,fixed_root_model_across_measurement_seeds,2.0,not_applicable,450,4.622857626256858,5.201022862858942,4.422732154230676,7.496668446598795,15.192636565037269,3.0897956723919644,5.011461074172471,4.622857626256858,0.0,0.0,0.0,0.0,0.0,0.0,spatial_holdout_subset,2.7179000007890863,1.1000010999850929e-06,0.0006723403930664
noise,KNN,RSS noise,31415,31415,42,fixed_root_model_across_measurement_seeds,2.0,not_applicable,450,7.511908748449544,7.984836272849601,7.196546201222683,11.472308536049542,15.795021655283618,7.251374841184451,7.577949376753509,4.622857626256858,2.8890511221926864,-2.8890511221926864,-62.49491885243198,2.8890511221926864,-2.8890511221926864,-62.49491885243198,spatial_holdout_subset,1.4408000006369548,2.932251500000348,4.341403007507324
noise,Direct AI,RSS noise,31415,31415,42,fixed_root_model_across_measurement_seeds,2.0,not_applicable,450,5.5309629524758925,6.012694664000823,5.054190852656332,8.747086585742306,12.449981659429318,5.839498797236415,5.452754702132697,4.622857626256858,0.9081053262190348,-0.9081053262190348,-19.64380908166386,0.9081053262190348,-0.9081053262190348,-19.64380908166386,spatial_holdout_subset,1.3431000006676186,13.687198300000093,0.163121223449707
noise,Residual AI,RSS noise,31415,31415,42,fixed_root_model_across_measurement_seeds,2.0,not_applicable,450,7.132363996293734,7.472660729014225,7.0445913421039394,9.92868583546069,14.02449352285172,6.913532604050789,7.187833792099049,4.622857626256858,2.5095063700368767,-2.5095063700368767,-54.28474274836865,2.5095063700368767,-2.5095063700368767,-54.28474274836865,spatial_holdout_subset,14.381799999682698,11.41880889999993,207.80677700042725
noise,Geometric LS,RSS noise,31415,31415,42,fixed_root_model_across_measurement_seeds,3.0,not_applicable,450,5.217475495514516,6.087504336691836,4.579603365385848,9.342111997131427,25.814121761065707,3.5272172415770844,5.645925359325954,5.217475495514516,0.0,0.0,0.0,0.0,0.0,0.0,spatial_holdout_subset,2.7179000007890863,1.1000010999850929e-06,0.0006723403930664
noise,KNN,RSS noise,31415,31415,42,fixed_root_model_across_measurement_seeds,3.0,not_applicable,450,7.663986184464794,8.122106403181245,7.357976578560727,11.49571832821515,15.88114502935979,7.359141821258825,7.74125871107132,5.217475495514516,2.446510688950278,-2.446510688950278,-46.89069821321735,2.446510688950278,-2.446510688950278,-46.89069821321735,spatial_holdout_subset,1.4408000006369548,2.932251500000348,4.341403007507324
noise,Direct AI,RSS noise,31415,31415,42,fixed_root_model_across_measurement_seeds,3.0,not_applicable,450,5.766244611379819,6.314827913338973,5.385402121388677,9.4552038944054,14.309879880997974,5.8801821815284905,5.737363500283637,5.217475495514516,0.5487691158653032,-0.5487691158653032,-10.517904997102184,0.5487691158653032,-0.5487691158653032,-10.517904997102184,spatial_holdout_subset,1.3431000006676186,13.687198300000093,0.163121223449707
noise,Residual AI,RSS noise,31415,31415,42,fixed_root_model_across_measurement_seeds,3.0,not_applicable,450,7.567816898637379,7.939021877761557,7.346653453158222,10.547758128126008,17.72271959266921,7.088216503549153,7.689386915219631,5.217475495514516,2.3503414031228638,-2.3503414031228638,-45.04748331148773,2.3503414031228638,-2.3503414031228638,-45.04748331148773,spatial_holdout_subset,14.381799999682698,11.41880889999993,207.80677700042725
noise,Geometric LS,RSS noise,31415,31415,42,fixed_root_model_across_measurement_seeds,5.0,not_applicable,450,6.426534555043614,7.644915131401263,5.312859692847026,11.934455923223409,25.814121761065707,4.893298680562912,6.815182088686354,6.426534555043614,0.0,0.0,0.0,0.0,0.0,0.0,spatial_holdout_subset,2.7179000007890863,1.1000010999850929e-06,0.0006723403930664
noise,KNN,RSS noise,31415,31415,42,fixed_root_model_across_measurement_seeds,5.0,not_applicable,450,8.231885308658873,8.695521588087956,8.001574615068462,11.901170009380914,21.98495981300916,7.92566500122304,8.30950661221503,6.426534555043614,1.8053507536152589,-1.8053507536152589,-28.092134853587616,1.8053507536152589,-1.8053507536152589,-28.092134853587616,spatial_holdout_subset,1.4408000006369548,2.932251500000348,4.341403007507324
noise,Direct AI,RSS noise,31415,31415,42,fixed_root_model_across_measurement_seeds,5.0,not_applicable,450,6.551979633869444,7.344357575744863,6.121453645852889,11.354775137079542,21.70922420213929,6.372462622994605,6.59748394581822,6.426534555043614,0.1254450788258303,-0.1254450788258303,-1.9519863738596048,0.1254450788258303,-0.1254450788258303,-1.9519863738596048,spatial_holdout_subset,1.3431000006676186,13.687198300000093,0.163121223449707
noise,Residual AI,RSS noise,31415,31415,42,fixed_root_model_across_measurement_seeds,5.0,not_applicable,450,8.463929711921187,8.935307510494038,8.275123935781963,11.888493423143336,20.8621195194715,7.8171405105182705,8.627879063808836,6.426534555043614,2.037395156877573,-2.037395156877573,-31.702858506823144,2.037395156877573,-2.037395156877573,-31.702858506823144,spatial_holdout_subset,14.381799999682698,11.41880889999993,207.80677700042725
noise,Geometric LS,RSS noise,31415,31415,42,fixed_root_model_across_measurement_seeds,7.0,not_applicable,450,8.143440799648129,9.933995357660368,6.434096346209557,14.565433769258307,31.275391394452825,7.062136020850585,8.417531983131628,8.143440799648129,0.0,0.0,0.0,0.0,0.0,0.0,spatial_holdout_subset,2.7179000007890863,1.1000010999850929e-06,0.0006723403930664
noise,KNN,RSS noise,31415,31415,42,fixed_root_model_across_measurement_seeds,7.0,not_applicable,450,9.088047509103392,9.697904606152049,8.666218614642517,13.360830662012104,24.15596701335658,8.805198076070212,9.159744719148016,8.143440799648129,0.9446067094552628,-0.9446067094552628,-11.599601847613094,0.9446067094552628,-0.9446067094552628,-11.599601847613094,spatial_holdout_subset,1.4408000006369548,2.932251500000348,4.341403007507324
noise,Direct AI,RSS noise,31415,31415,42,fixed_root_model_across_measurement_seeds,7.0,not_applicable,450,7.614119912770451,8.688422275370051,6.92959031493891,13.379030774837732,24.81154219796027,7.359647080485074,7.678624168307969,8.143440799648129,-0.5293208868776782,0.5293208868776782,6.499966045072123,-0.5293208868776782,0.5293208868776782,6.499966045072123,spatial_holdout_subset,1.3431000006676186,13.687198300000093,0.163121223449707
noise,Residual AI,RSS noise,31415,31415,42,fixed_root_model_across_measurement_seeds,7.0,not_applicable,450,9.554724188735914,10.2074992762847,9.043664840559806,13.78358018387936,23.87965326503686,9.100563625968986,9.669845668434494,8.143440799648129,1.4112833890877852,-1.4112833890877852,-17.330308205209345,1.4112833890877852,-1.4112833890877852,-17.330308205209345,spatial_holdout_subset,14.381799999682698,11.41880889999993,207.80677700042725
wall_attenuation,Geometric LS,Wall/NLoS severity,31415,31415,42,fixed_root_model_across_measurement_seeds,0.75,not_applicable,450,4.221763433619545,4.666265222984857,4.173171425613303,6.4574861524276965,11.150772892354968,3.0425526414373927,4.520672018824491,4.221763433619545,0.0,0.0,0.0,0.0,0.0,0.0,spatial_holdout_subset,2.7179000007890863,1.1000010999850929e-06,0.0006723403930664
wall_attenuation,KNN,Wall/NLoS severity,31415,31415,42,fixed_root_model_across_measurement_seeds,0.75,not_applicable,450,7.371866269105704,7.82754437318536,7.043775753438482,11.163416399890435,15.695640818191729,7.219841293595021,7.410401847856322,4.221763433619545,3.150102835486159,-3.150102835486159,-74.61580652294879,3.150102835486159,-3.150102835486159,-74.61580652294879,spatial_holdout_subset,1.4408000006369548,2.932251500000348,4.341403007507324
wall_attenuation,Direct AI,Wall/NLoS severity,31415,31415,42,fixed_root_model_across_measurement_seeds,0.75,not_applicable,450,5.616998670746095,6.087321705151534,5.196852699805175,8.814330416185214,13.015207235887164,5.8200528857370974,5.565528103714949,4.221763433619545,1.39523523712655,-1.39523523712655,-33.0486361697993,1.39523523712655,-1.39523523712655,-33.0486361697993,spatial_holdout_subset,1.3431000006676186,13.687198300000093,0.163121223449707
wall_attenuation,Residual AI,Wall/NLoS severity,31415,31415,42,fixed_root_model_across_measurement_seeds,0.75,not_applicable,450,6.955623821221251,7.28234441575303,6.900463716346214,9.756713428969322,12.02516835564158,6.901165957701139,6.9694279036177145,4.221763433619545,2.7338603876017062,-2.7338603876017062,-64.75636142543924,2.7338603876017062,-2.7338603876017062,-64.75636142543924,spatial_holdout_subset,14.381799999682698,11.41880889999993,207.80677700042725
wall_attenuation,Geometric LS,Wall/NLoS severity,31415,31415,42,fixed_root_model_across_measurement_seeds,1.0,not_applicable,450,4.449643193945292,4.948006258940889,4.370212760480902,7.013818030653152,14.531980528413294,3.0425526414373927,4.806315172436153,4.449643193945292,0.0,0.0,0.0,0.0,0.0,0.0,spatial_holdout_subset,2.7179000007890863,1.1000010999850929e-06,0.0006723403930664
wall_attenuation,KNN,Wall/NLoS severity,31415,31415,42,fixed_root_model_across_measurement_seeds,1.0,not_applicable,450,7.438408771265559,7.918006092926395,7.119237878163702,11.37809033515219,15.815748689657314,7.219841293595021,7.493811669505166,4.449643193945292,2.988765577320267,-2.988765577320267,-67.16865705967466,2.988765577320267,-2.988765577320267,-67.16865705967466,spatial_holdout_subset,1.4408000006369548,2.932251500000348,4.341403007507324
wall_attenuation,Direct AI,Wall/NLoS severity,31415,31415,42,fixed_root_model_across_measurement_seeds,1.0,not_applicable,450,5.447459406090812,5.912686941135869,5.070801661983633,8.53208682275169,12.314389012996434,5.8200528857370974,5.3530137051219775,4.449643193945292,0.99781621214552,-0.99781621214552,-22.42463426063614,0.99781621214552,-0.99781621214552,-22.42463426063614,spatial_holdout_subset,1.3431000006676186,13.687198300000093,0.163121223449707
wall_attenuation,Residual AI,Wall/NLoS severity,31415,31415,42,fixed_root_model_across_measurement_seeds,1.0,not_applicable,450,6.990331559886198,7.331403937010084,6.972180998777317,9.841862586404131,12.428046853452429,6.901165957701139,7.012933425621131,4.449643193945292,2.5406883659409063,-2.5406883659409063,-57.09869882147103,2.5406883659409063,-2.5406883659409063,-57.09869882147103,spatial_holdout_subset,14.381799999682698,11.41880889999993,207.80677700042725
wall_attenuation,Geometric LS,Wall/NLoS severity,31415,31415,42,fixed_root_model_across_measurement_seeds,1.35,not_applicable,450,4.782382920881512,5.374162073280273,4.599996092713244,7.653557369635665,17.295910696278995,3.0425526414373927,5.223398395615258,4.782382920881512,0.0,0.0,0.0,0.0,0.0,0.0,spatial_holdout_subset,2.7179000007890863,1.1000010999850929e-06,0.0006723403930664
wall_attenuation,KNN,Wall/NLoS severity,31415,31415,42,fixed_root_model_across_measurement_seeds,1.35,not_applicable,450,7.532719978026889,8.03423487039201,7.228765839619297,11.347364890529324,16.13960718830867,7.219841293595021,7.61202905959597,4.782382920881512,2.7503370571453774,-2.7503370571453774,-57.50976244784728,2.7503370571453774,-2.7503370571453774,-57.50976244784728,spatial_holdout_subset,1.4408000006369548,2.932251500000348,4.341403007507324
wall_attenuation,Direct AI,Wall/NLoS severity,31415,31415,42,fixed_root_model_across_measurement_seeds,1.35,not_applicable,450,5.246618964183458,5.717888604673402,4.882917827798969,8.389611722290809,12.180381818726527,5.8200528857370974,5.101263847577941,4.782382920881512,0.4642360433019465,-0.4642360433019465,-9.707211885416662,0.4642360433019465,-0.4642360433019465,-9.707211885416662,spatial_holdout_subset,1.3431000006676186,13.687198300000093,0.163121223449707
wall_attenuation,Residual AI,Wall/NLoS severity,31415,31415,42,fixed_root_model_across_measurement_seeds,1.35,not_applicable,450,7.118361973291808,7.486930531407596,7.158763053006109,10.040780696648191,15.870978704610447,6.901165957701139,7.173417230725655,4.782382920881512,2.335979052410297,-2.335979052410297,-48.84550424037809,2.335979052410297,-2.335979052410297,-48.84550424037809,spatial_holdout_subset,14.381799999682698,11.41880889999993,207.80677700042725
wall_attenuation,Geometric LS,Wall/NLoS severity,31415,31415,42,fixed_root_model_across_measurement_seeds,1.65,not_applicable,450,5.219229691849759,6.053346751750402,4.811874727402147,9.32917707964971,25.326655900738928,3.0425526414373927,5.770977913542032,5.219229691849759,0.0,0.0,0.0,0.0,0.0,0.0,spatial_holdout_subset,2.7179000007890863,1.1000010999850929e-06,0.0006723403930664
wall_attenuation,KNN,Wall/NLoS severity,31415,31415,42,fixed_root_model_across_measurement_seeds,1.65,not_applicable,450,7.652702343522879,8.17017396118176,7.356308542041575,11.461368575117827,16.14116538464995,7.219841293595021,7.762424782362531,5.219229691849759,2.43347265167312,-2.43347265167312,-46.62513043779584,2.43347265167312,-2.43347265167312,-46.62513043779584,spatial_holdout_subset,1.4408000006369548,2.932251500000348,4.341403007507324
wall_attenuation,Direct AI,Wall/NLoS severity,31415,31415,42,fixed_root_model_across_measurement_seeds,1.65,not_applicable,450,5.105779080114841,5.588965002347418,4.735878060899383,8.293995366091155,12.128777696155424,5.8200528857370974,4.924723602923684,5.219229691849759,-0.1134506117349181,0.1134506117349181,2.1737041370698864,-0.1134506117349181,0.1134506117349181,2.1737041370698864,spatial_holdout_subset,1.3431000006676186,13.687198300000093,0.163121223449707
wall_attenuation,Residual AI,Wall/NLoS severity,31415,31415,42,fixed_root_model_across_measurement_seeds,1.65,not_applicable,450,7.282498840857854,7.691736800018921,7.203813076281122,10.190079130610654,16.86002366908373,6.901165957701139,7.379159822382257,5.219229691849759,2.0632691490080948,-2.0632691490080948,-39.53206259977508,2.0632691490080948,-2.0632691490080948,-39.53206259977508,spatial_holdout_subset,14.381799999682698,11.41880889999993,207.80677700042725
anchor_failure,Geometric LS,random anchor failure,31415,31415,42,fixed_root_model_across_measurement_seeds,0.0,random,450,4.423036335329089,4.911293661122975,4.352989629364972,6.946047865985257,14.531980528413294,3.013760138544163,4.770475619300996,4.423036335329089,0.0,0.0,0.0,0.0,0.0,0.0,spatial_holdout_subset,2.7179000007890863,1.1000010999850929e-06,0.0006723403930664
anchor_failure,KNN,random anchor failure,31415,31415,42,fixed_root_model_across_measurement_seeds,0.0,random,450,7.301465520707653,7.773884176588009,6.955559805608445,10.910412161654788,15.815748689657314,7.007453456347629,7.373950489483393,4.423036335329089,2.8784291853785646,-2.8784291853785646,-65.07812658890128,2.8784291853785646,-2.8784291853785646,-65.07812658890128,spatial_holdout_subset,1.4408000006369548,2.932251500000348,4.341403007507324
anchor_failure,Direct AI,random anchor failure,31415,31415,42,fixed_root_model_across_measurement_seeds,0.0,random,450,5.346248299274661,5.784301235424328,5.047814444320316,8.291711560812026,12.061304884993142,5.764465435012446,5.243142135616316,4.423036335329089,0.9232119639455724,-0.9232119639455724,-20.872809851716543,0.9232119639455724,-0.9232119639455724,-20.872809851716543,spatial_holdout_subset,1.3431000006676186,13.687198300000093,0.163121223449707
anchor_failure,Residual AI,random anchor failure,31415,31415,42,fixed_root_model_across_measurement_seeds,0.0,random,450,6.952687571155711,7.287205656385364,6.972180998777317,9.811395834748565,12.428046853452429,6.8087553247622505,6.988172252399528,4.423036335329089,2.5296512358266225,-2.5296512358266225,-57.19263971722285,2.5296512358266225,-2.5296512358266225,-57.19263971722285,spatial_holdout_subset,14.381799999682698,11.41880889999993,207.80677700042725
anchor_failure,Geometric LS,random anchor failure,31415,31415,42,fixed_root_model_across_measurement_seeds,1.0,random,450,4.463885368244209,5.063110537415118,4.217432049747872,7.173475065001081,14.531980528404777,3.006932580195311,4.918386675303194,4.463885368244209,0.0,0.0,0.0,0.0,0.0,0.0,spatial_holdout_subset,2.7179000007890863,1.1000010999850929e-06,0.0006723403930664
anchor_failure,KNN,random anchor failure,31415,31415,42,fixed_root_model_across_measurement_seeds,1.0,random,450,8.821792287026403,9.098642842813067,8.964322105717216,11.83485183856027,14.80022989728681,8.800755930033676,8.828354649120346,4.463885368244209,4.357906918782194,-4.357906918782194,-97.62586982596062,4.357906918782194,-4.357906918782194,-97.62586982596062,spatial_holdout_subset,1.4408000006369548,2.932251500000348,4.341403007507324
anchor_failure,Direct AI,random anchor failure,31415,31415,42,fixed_root_model_across_measurement_seeds,1.0,random,450,8.518163219426336,9.052281488604374,8.345191923568464,12.859384475088657,17.00779543700811,7.494218756663186,8.83758612763525,4.463885368244209,4.054277851182127,-4.054277851182127,-90.82396873414352,4.054277851182127,-4.054277851182127,-90.82396873414352,spatial_holdout_subset,1.3431000006676186,13.687198300000093,0.163121223449707
anchor_failure,Residual AI,random anchor failure,31415,31415,42,fixed_root_model_across_measurement_seeds,1.0,random,450,8.205966918733669,8.552119569807303,8.230635686935985,11.41488410464802,16.00218556382761,8.12737794122349,8.23048301375871,4.463885368244209,3.74208155048946,-3.74208155048946,-83.83014440985393,3.74208155048946,-3.74208155048946,-83.83014440985393,spatial_holdout_subset,14.381799999682698,11.41880889999993,207.80677700042725
anchor_failure,Geometric LS,random anchor failure,31415,31415,42,fixed_root_model_across_measurement_seeds,2.0,random,450,4.155222011308421,4.7911989002781645,3.8658636855362873,6.534973121854375,14.531980528413294,2.7504886484459687,4.631827973708182,4.155222011308421,0.0,0.0,0.0,0.0,0.0,0.0,spatial_holdout_subset,2.7179000007890863,1.1000010999850929e-06,0.0006723403930664
anchor_failure,KNN,random anchor failure,31415,31415,42,fixed_root_model_across_measurement_seeds,2.0,random,450,12.793308445141284,12.898924423368408,13.063961980056291,14.911179717597506,16.308350783547652,13.239061310300317,12.6420708658909,4.155222011308421,8.638086433832864,-8.638086433832864,-207.88507594358,8.638086433832864,-8.638086433832864,-207.88507594358,spatial_holdout_subset,1.4408000006369548,2.932251500000348,4.341403007507324
anchor_failure,Direct AI,random anchor failure,31415,31415,42,fixed_root_model_across_measurement_seeds,2.0,random,450,11.22608527679705,11.573143320706231,11.689512720788128,14.807993730087974,16.69032172789188,11.145727758683286,11.253349434728507,4.155222011308421,7.070863265488629,-7.070863265488629,-170.16812209420584,7.070863265488629,-7.070863265488629,-170.16812209420584,spatial_holdout_subset,1.3431000006676186,13.687198300000093,0.163121223449707
anchor_failure,Residual AI,random anchor failure,31415,31415,42,fixed_root_model_across_measurement_seeds,2.0,random,450,7.891454545716558,8.205260149617152,7.793092905877302,11.049525913150296,13.155561802624696,7.453072653736879,8.040191259066805,4.155222011308421,3.7362325344081366,-3.7362325344081366,-89.91655618496421,3.7362325344081366,-3.7362325344081366,-89.91655618496421,spatial_holdout_subset,14.381799999682698,11.41880889999993,207.80677700042725
anchor_failure,Geometric LS,random anchor failure,31415,31415,42,fixed_root_model_across_measurement_seeds,3.0,random,450,5.327837854529747,6.165162814026737,4.62796866672501,10.502811733809624,15.5159171460013,3.20451499011678,6.218695712469573,5.327837854529747,0.0,0.0,0.0,0.0,0.0,0.0,spatial_holdout_subset,2.7179000007890863,1.1000010999850929e-06,0.0006723403930664
anchor_failure,KNN,random anchor failure,31415,31415,42,fixed_root_model_across_measurement_seeds,3.0,random,450,16.502756039134358,16.601307555658195,16.560009951146196,18.736004479729253,21.04303811935618,17.07506772173602,16.262637888389815,5.327837854529747,11.17491818460461,-11.17491818460461,-209.7458385506919,11.17491818460461,-11.17491818460461,-209.7458385506919,spatial_holdout_subset,1.4408000006369548,2.932251500000348,4.341403007507324
anchor_failure,Direct AI,random anchor failure,31415,31415,42,fixed_root_model_across_measurement_seeds,3.0,random,450,14.925616908540992,15.503358811901874,14.481003828919302,20.505967697504406,27.728809327216844,17.10365620553905,14.011802313901429,5.327837854529747,9.597779054011246,-9.597779054011246,-180.1439780276192,9.597779054011246,-9.597779054011246,-180.1439780276192,spatial_holdout_subset,1.3431000006676186,13.687198300000093,0.163121223449707
anchor_failure,Residual AI,random anchor failure,31415,31415,42,fixed_root_model_across_measurement_seeds,3.0,random,450,8.797108208966314,9.110072947323491,8.878196933121167,11.930461740753952,14.31192710692402,7.9397266662860595,9.156829802582951,5.327837854529747,3.469270354436567,-3.469270354436567,-65.11591473240838,3.469270354436567,-3.469270354436567,-65.11591473240838,spatial_holdout_subset,14.381799999682698,11.41880889999993,207.80677700042725
anchor_failure,Geometric LS,fixed_critical anchor failure,31415,31415,42,fixed_root_model_across_measurement_seeds,0.0,fixed_critical,450,4.423036335329089,4.911293661122975,4.352989629364972,6.946047865985257,14.531980528413294,3.013760138544163,4.770475619300996,4.423036335329089,0.0,0.0,0.0,0.0,0.0,0.0,spatial_holdout_subset,2.7179000007890863,1.1000010999850929e-06,0.0006723403930664
anchor_failure,KNN,fixed_critical anchor failure,31415,31415,42,fixed_root_model_across_measurement_seeds,0.0,fixed_critical,450,7.301465520707653,7.773884176588009,6.955559805608445,10.910412161654788,15.815748689657314,7.007453456347629,7.373950489483393,4.423036335329089,2.8784291853785646,-2.8784291853785646,-65.07812658890128,2.8784291853785646,-2.8784291853785646,-65.07812658890128,spatial_holdout_subset,1.4408000006369548,2.932251500000348,4.341403007507324
anchor_failure,Direct AI,fixed_critical anchor failure,31415,31415,42,fixed_root_model_across_measurement_seeds,0.0,fixed_critical,450,5.346248299274661,5.784301235424328,5.047814444320316,8.291711560812026,12.061304884993142,5.764465435012446,5.243142135616316,4.423036335329089,0.9232119639455724,-0.9232119639455724,-20.872809851716543,0.9232119639455724,-0.9232119639455724,-20.872809851716543,spatial_holdout_subset,1.3431000006676186,13.687198300000093,0.163121223449707
anchor_failure,Residual AI,fixed_critical anchor failure,31415,31415,42,fixed_root_model_across_measurement_seeds,0.0,fixed_critical,450,6.952687571155711,7.287205656385364,6.972180998777317,9.811395834748565,12.428046853452429,6.8087553247622505,6.988172252399528,4.423036335329089,2.5296512358266225,-2.5296512358266225,-57.19263971722285,2.5296512358266225,-2.5296512358266225,-57.19263971722285,spatial_holdout_subset,14.381799999682698,11.41880889999993,207.80677700042725
anchor_failure,Geometric LS,fixed_critical anchor failure,31415,31415,42,fixed_root_model_across_measurement_seeds,1.0,fixed_critical,450,4.463885368244209,5.063110537415118,4.217432049747872,7.173475065001081,14.531980528404777,3.006932580195311,4.918386675303194,4.463885368244209,0.0,0.0,0.0,0.0,0.0,0.0,spatial_holdout_subset,2.7179000007890863,1.1000010999850929e-06,0.0006723403930664
anchor_failure,KNN,fixed_critical anchor failure,31415,31415,42,fixed_root_model_across_measurement_seeds,1.0,fixed_critical,450,8.821792287026403,9.098642842813067,8.964322105717216,11.83485183856027,14.80022989728681,8.800755930033676,8.828354649120346,4.463885368244209,4.357906918782194,-4.357906918782194,-97.62586982596062,4.357906918782194,-4.357906918782194,-97.62586982596062,spatial_holdout_subset,1.4408000006369548,2.932251500000348,4.341403007507324
anchor_failure,Direct AI,fixed_critical anchor failure,31415,31415,42,fixed_root_model_across_measurement_seeds,1.0,fixed_critical,450,8.518163219426336,9.052281488604374,8.345191923568464,12.859384475088657,17.00779543700811,7.494218756663186,8.83758612763525,4.463885368244209,4.054277851182127,-4.054277851182127,-90.82396873414352,4.054277851182127,-4.054277851182127,-90.82396873414352,spatial_holdout_subset,1.3431000006676186,13.687198300000093,0.163121223449707
anchor_failure,Residual AI,fixed_critical anchor failure,31415,31415,42,fixed_root_model_across_measurement_seeds,1.0,fixed_critical,450,8.205966918733669,8.552119569807303,8.230635686935985,11.41488410464802,16.00218556382761,8.12737794122349,8.23048301375871,4.463885368244209,3.74208155048946,-3.74208155048946,-83.83014440985393,3.74208155048946,-3.74208155048946,-83.83014440985393,spatial_holdout_subset,14.381799999682698,11.41880889999993,207.80677700042725
anchor_failure,Geometric LS,fixed_critical anchor failure,31415,31415,42,fixed_root_model_across_measurement_seeds,2.0,fixed_critical,450,4.187862452449324,4.87334942674778,3.694607938973366,7.127580483013257,14.78235788226168,3.1987173245596074,4.986329001468734,4.187862452449324,0.0,0.0,0.0,0.0,0.0,0.0,spatial_holdout_subset,2.7179000007890863,1.1000010999850929e-06,0.0006723403930664
anchor_failure,KNN,fixed_critical anchor failure,31415,31415,42,fixed_root_model_across_measurement_seeds,2.0,fixed_critical,450,10.84990196541218,11.016321379452954,10.728656953738092,13.63648480660589,15.470484584459555,11.9422485091264,9.968128249401904,4.187862452449324,6.662039512962855,-6.662039512962855,-159.0797116334725,6.662039512962855,-6.662039512962855,-159.0797116334725,spatial_holdout_subset,1.4408000006369548,2.932251500000348,4.341403007507324
anchor_failure,Direct AI,fixed_critical anchor failure,31415,31415,42,fixed_root_model_across_measurement_seeds,2.0,fixed_critical,450,19.34547363945218,19.45328948662207,19.278794376352504,22.13957897560299,24.292638259150213,18.191596399323064,20.276916712809417,4.187862452449324,15.157611187002855,-15.157611187002855,-361.94147632852025,15.157611187002855,-15.157611187002855,-361.94147632852025,spatial_holdout_subset,1.3431000006676186,13.687198300000093,0.163121223449707
anchor_failure,Residual AI,fixed_critical anchor failure,31415,31415,42,fixed_root_model_across_measurement_seeds,2.0,fixed_critical,450,8.759340367271385,9.001292419902912,8.984392465209329,11.280142665849858,13.653252464213883,8.30233335824392,9.128249639618856,4.187862452449324,4.571477914822061,-4.571477914822061,-109.1601733994003,4.571477914822061,-4.571477914822061,-109.1601733994003,spatial_holdout_subset,14.381799999682698,11.41880889999993,207.80677700042725
noise,Geometric LS,RSS noise,27182,27182,42,fixed_root_model_across_measurement_seeds,0.5,not_applicable,450,4.155020420052024,4.557323294791176,4.077652993048121,6.1613104987417096,14.531980528407786,3.2906327822858707,4.371117329493562,4.155020420052024,0.0,0.0,0.0,0.0,0.0,0.0,spatial_holdout_subset,2.7179000007890863,1.1000010999850929e-06,0.0006723403930664
noise,KNN,RSS noise,27182,27182,42,fixed_root_model_across_measurement_seeds,0.5,not_applicable,450,7.489050358795905,7.997437758577512,7.2235738596546675,11.763638730419876,16.032608849742253,7.309018402627497,7.534058347838006,4.155020420052024,3.334029938743881,-3.334029938743881,-80.24100008399324,3.334029938743881,-3.334029938743881,-80.24100008399324,spatial_holdout_subset,1.4408000006369548,2.932251500000348,4.341403007507324
noise,Direct AI,RSS noise,27182,27182,42,fixed_root_model_across_measurement_seeds,0.5,not_applicable,450,5.531115191635203,6.007082961011772,5.388422052939367,8.78047775766288,11.577458032231045,6.380462966993637,5.318778247795592,4.155020420052024,1.3760947715831788,-1.3760947715831788,-33.11884497467642,1.3760947715831788,-1.3760947715831788,-33.11884497467642,spatial_holdout_subset,1.3431000006676186,13.687198300000093,0.163121223449707
noise,Residual AI,RSS noise,27182,27182,42,fixed_root_model_across_measurement_seeds,0.5,not_applicable,450,6.847984049787345,7.186863052255488,7.061560797793607,9.558926450614694,14.763125045410463,6.9330666123966855,6.826713409135009,4.155020420052024,2.692963629735321,-2.692963629735321,-64.81228387564948,2.692963629735321,-2.692963629735321,-64.81228387564948,spatial_holdout_subset,14.381799999682698,11.41880889999993,207.80677700042725
noise,Geometric LS,RSS noise,27182,27182,42,fixed_root_model_across_measurement_seeds,1.0,not_applicable,450,4.2272150623936,4.663977635020829,4.181589832428996,6.371543533263078,14.531980528413294,3.2090643712157303,4.481752735188067,4.2272150623936,0.0,0.0,0.0,0.0,0.0,0.0,spatial_holdout_subset,2.7179000007890863,1.1000010999850929e-06,0.0006723403930664
noise,KNN,RSS noise,27182,27182,42,fixed_root_model_across_measurement_seeds,1.0,not_applicable,450,7.541366712554447,8.053871336932982,7.3056422473053555,11.778366850629514,16.113335993401517,7.236536332340856,7.617574307607846,4.2272150623936,3.314151650160848,-3.314151650160848,-78.40035581923425,3.314151650160848,-3.314151650160848,-78.40035581923425,spatial_holdout_subset,1.4408000006369548,2.932251500000348,4.341403007507324
noise,Direct AI,RSS noise,27182,27182,42,fixed_root_model_across_measurement_seeds,1.0,not_applicable,450,5.558585921109445,6.0456899701409474,5.407024733890789,8.850507317484789,11.899109613598794,6.378026211115002,5.353725848608055,4.2272150623936,1.3313708587158448,-1.3313708587158448,-31.495224138465648,1.3313708587158448,-1.3313708587158448,-31.495224138465648,spatial_holdout_subset,1.3431000006676186,13.687198300000093,0.163121223449707
noise,Residual AI,RSS noise,27182,27182,42,fixed_root_model_across_measurement_seeds,1.0,not_applicable,450,6.917249630725727,7.252829192106043,7.068712565784584,9.71488902233703,14.335006743265978,6.923574738253395,6.915668353843809,4.2272150623936,2.690034568332127,-2.690034568332127,-63.63609441741848,2.690034568332127,-2.690034568332127,-63.63609441741848,spatial_holdout_subset,14.381799999682698,11.41880889999993,207.80677700042725
noise,Geometric LS,RSS noise,27182,27182,42,fixed_root_model_across_measurement_seeds,2.0,not_applicable,450,4.587890719341315,5.119413204470945,4.496515731270584,7.220941243523751,14.266637769370572,3.417858748910645,4.880398711948984,4.587890719341315,0.0,0.0,0.0,0.0,0.0,0.0,spatial_holdout_subset,2.7179000007890863,1.1000010999850929e-06,0.0006723403930664
noise,KNN,RSS noise,27182,27182,42,fixed_root_model_across_measurement_seeds,2.0,not_applicable,450,7.709819159902562,8.230820367818671,7.461743656871882,11.767963069984992,17.296120472242688,7.254251714766152,7.823711021186664,4.587890719341315,3.121928440561246,-3.121928440561246,-68.04714042991553,3.121928440561246,-3.121928440561246,-68.04714042991553,spatial_holdout_subset,1.4408000006369548,2.932251500000348,4.341403007507324
noise,Direct AI,RSS noise,27182,27182,42,fixed_root_model_across_measurement_seeds,2.0,not_applicable,450,5.713996078571807,6.251815136611289,5.670720273241585,9.220705325523532,12.854866971011091,6.394670894915695,5.543827374485835,4.587890719341315,1.1261053592304917,-1.1261053592304917,-24.545165264794424,1.1261053592304917,-1.1261053592304917,-24.545165264794424,spatial_holdout_subset,1.3431000006676186,13.687198300000093,0.163121223449707
noise,Residual AI,RSS noise,27182,27182,42,fixed_root_model_across_measurement_seeds,2.0,not_applicable,450,7.152841174040693,7.492302872734859,7.41908877476593,9.886590306347172,14.725363934179695,7.042915617583456,7.180322563155001,4.587890719341315,2.564950454699378,-2.564950454699378,-55.90696491279176,2.564950454699378,-2.564950454699378,-55.90696491279176,spatial_holdout_subset,14.381799999682698,11.41880889999993,207.80677700042725
noise,Geometric LS,RSS noise,27182,27182,42,fixed_root_model_across_measurement_seeds,3.0,not_applicable,450,5.165649159630058,5.9761962909312665,4.709847507825275,9.059965425019485,24.894181472710777,3.960677205647649,5.466892148125661,5.165649159630058,0.0,0.0,0.0,0.0,0.0,0.0,spatial_holdout_subset,2.7179000007890863,1.1000010999850929e-06,0.0006723403930664
noise,KNN,RSS noise,27182,27182,42,fixed_root_model_across_measurement_seeds,3.0,not_applicable,450,7.948432465711287,8.495210478792588,7.721949360960394,12.145986835324974,21.886267339465007,7.447918371275831,8.073560989320152,5.165649159630058,2.782783306081229,-2.782783306081229,-53.870931224460485,2.782783306081229,-2.782783306081229,-53.870931224460485,spatial_holdout_subset,1.4408000006369548,2.932251500000348,4.341403007507324
noise,Direct AI,RSS noise,27182,27182,42,fixed_root_model_across_measurement_seeds,3.0,not_applicable,450,6.0263428462985855,6.654649216902805,5.7699256603548,9.727092739590873,17.718875882523836,6.478094545288556,5.913404921551092,5.165649159630058,0.8606936866685277,-0.8606936866685277,-16.661868819797412,0.8606936866685277,-0.8606936866685277,-16.661868819797412,spatial_holdout_subset,1.3431000006676186,13.687198300000093,0.163121223449707
noise,Residual AI,RSS noise,27182,27182,42,fixed_root_model_across_measurement_seeds,3.0,not_applicable,450,7.526620162654609,7.893979369508678,7.643197226502596,10.262735948204776,16.145252707636946,7.256366778183645,7.59418350877235,5.165649159630058,2.3609710030245514,-2.3609710030245514,-45.70521400244756,2.3609710030245514,-2.3609710030245514,-45.70521400244756,spatial_holdout_subset,14.381799999682698,11.41880889999993,207.80677700042725
noise,Geometric LS,RSS noise,27182,27182,42,fixed_root_model_across_measurement_seeds,5.0,not_applicable,450,6.71685523927794,8.267345333926736,5.453019678664271,12.813898238803157,30.36142575891825,5.618524015696417,6.99143804517332,6.71685523927794,0.0,0.0,0.0,0.0,0.0,0.0,spatial_holdout_subset,2.7179000007890863,1.1000010999850929e-06,0.0006723403930664
noise,KNN,RSS noise,27182,27182,42,fixed_root_model_across_measurement_seeds,5.0,not_applicable,450,8.636578723309562,9.217089128190574,8.296290935633323,13.151492532591282,23.84865948566977,8.112331304074864,8.767640578118236,6.71685523927794,1.9197234840316224,-1.9197234840316224,-28.58068866522114,1.9197234840316224,-1.9197234840316224,-28.58068866522114,spatial_holdout_subset,1.4408000006369548,2.932251500000348,4.341403007507324
noise,Direct AI,RSS noise,27182,27182,42,fixed_root_model_across_measurement_seeds,5.0,not_applicable,450,6.913023894333756,7.866994838712382,6.33843368664618,11.664894656742907,24.61439755648017,7.129108522273929,6.859002737348713,6.71685523927794,0.1961686550558168,-0.1961686550558168,-2.9205431421044725,0.1961686550558168,-0.1961686550558168,-2.9205431421044725,spatial_holdout_subset,1.3431000006676186,13.687198300000093,0.163121223449707
noise,Residual AI,RSS noise,27182,27182,42,fixed_root_model_across_measurement_seeds,5.0,not_applicable,450,8.602449754280581,9.186168160488856,8.217658696688327,12.366172344841129,26.293348907151724,8.118302547659562,8.723486555935834,6.71685523927794,1.8855945150026416,-1.8855945150026416,-28.07257932218505,1.8855945150026416,-1.8855945150026416,-28.07257932218505,spatial_holdout_subset,14.381799999682698,11.41880889999993,207.80677700042725
noise,Geometric LS,RSS noise,27182,27182,42,fixed_root_model_across_measurement_seeds,7.0,not_applicable,450,8.130175338359026,10.311126245407156,6.0882432612178095,15.05946633117709,31.240623510323296,7.086093469066624,8.391195805682125,8.130175338359026,0.0,0.0,0.0,0.0,0.0,0.0,spatial_holdout_subset,2.7179000007890863,1.1000010999850929e-06,0.0006723403930664
noise,KNN,RSS noise,27182,27182,42,fixed_root_model_across_measurement_seeds,7.0,not_applicable,450,9.416275826201572,10.174993571743636,8.76887941505401,14.397917542198355,23.9157082440306,9.190507036707803,9.472718023575014,8.130175338359026,1.2861004878425462,-1.2861004878425462,-15.81885302983059,1.2861004878425462,-1.2861004878425462,-15.81885302983059,spatial_holdout_subset,1.4408000006369548,2.932251500000348,4.341403007507324
noise,Direct AI,RSS noise,27182,27182,42,fixed_root_model_across_measurement_seeds,7.0,not_applicable,450,7.9238129258161,9.22666828688182,6.965185897201673,14.219738979071618,29.00696516920538,7.960596675164965,7.914616988478883,8.130175338359026,-0.2063624125429255,0.2063624125429255,2.5382283155602545,-0.2063624125429255,0.2063624125429255,2.5382283155602545,spatial_holdout_subset,1.3431000006676186,13.687198300000093,0.163121223449707
noise,Residual AI,RSS noise,27182,27182,42,fixed_root_model_across_measurement_seeds,7.0,not_applicable,450,9.57284023217968,10.426086620735946,8.908307411481157,15.247015251411304,26.33473263039279,9.059579152188483,9.701155502177478,8.130175338359026,1.4426648938206537,-1.4426648938206537,-17.744572949294323,1.4426648938206537,-1.4426648938206537,-17.744572949294323,spatial_holdout_subset,14.381799999682698,11.41880889999993,207.80677700042725
wall_attenuation,Geometric LS,Wall/NLoS severity,27182,27182,42,fixed_root_model_across_measurement_seeds,0.75,not_applicable,450,4.256827688410426,4.851309882935067,4.172318503070358,6.504428177889733,31.72422827806602,3.230539659028421,4.513399695755927,4.256827688410426,0.0,0.0,0.0,0.0,0.0,0.0,spatial_holdout_subset,2.7179000007890863,1.1000010999850929e-06,0.0006723403930664
wall_attenuation,KNN,Wall/NLoS severity,27182,27182,42,fixed_root_model_across_measurement_seeds,0.75,not_applicable,450,7.572167735062344,8.078892308939349,7.35207047439747,11.557741236575431,17.214527829928134,7.220531145683027,7.660076882407174,4.256827688410426,3.315340046651918,-3.315340046651918,-77.8828810872052,3.315340046651918,-3.315340046651918,-77.8828810872052,spatial_holdout_subset,1.4408000006369548,2.932251500000348,4.341403007507324
wall_attenuation,Direct AI,Wall/NLoS severity,27182,27182,42,fixed_root_model_across_measurement_seeds,0.75,not_applicable,450,5.8331736287276295,6.3608149502277165,5.78569995875052,9.341391824675872,13.835545137598508,6.380338357427263,5.696382446552722,4.256827688410426,1.5763459403172035,-1.5763459403172035,-37.03100185635747,1.5763459403172035,-1.5763459403172035,-37.03100185635747,spatial_holdout_subset,1.3431000006676186,13.687198300000093,0.163121223449707
wall_attenuation,Residual AI,Wall/NLoS severity,27182,27182,42,fixed_root_model_across_measurement_seeds,0.75,not_applicable,450,7.005508384155546,7.365028757268153,7.080694921259636,9.742465024079198,22.906001727723577,6.936012069950039,7.022882462706922,4.256827688410426,2.7486806957451204,-2.7486806957451204,-64.57110545556345,2.7486806957451204,-2.7486806957451204,-64.57110545556345,spatial_holdout_subset,14.381799999682698,11.41880889999993,207.80677700042725
wall_attenuation,Geometric LS,Wall/NLoS severity,27182,27182,42,fixed_root_model_across_measurement_seeds,1.0,not_applicable,450,4.414361710054786,4.883685356412157,4.369383387719464,6.891920848705159,13.990203162602366,3.230539659028421,4.710317222811377,4.414361710054786,0.0,0.0,0.0,0.0,0.0,0.0,spatial_holdout_subset,2.7179000007890863,1.1000010999850929e-06,0.0006723403930664
wall_attenuation,KNN,Wall/NLoS severity,27182,27182,42,fixed_root_model_across_measurement_seeds,1.0,not_applicable,450,7.6294044054765635,8.150212139093236,7.392684307229942,11.689407157807368,16.319489088370695,7.220531145683027,7.731622720424948,4.414361710054786,3.215042695421777,-3.215042695421777,-72.8314285641508,3.215042695421777,-3.215042695421777,-72.8314285641508,spatial_holdout_subset,1.4408000006369548,2.932251500000348,4.341403007507324
wall_attenuation,Direct AI,Wall/NLoS severity,27182,27182,42,fixed_root_model_across_measurement_seeds,1.0,not_applicable,450,5.617677791106126,6.124081729485281,5.615745188359072,8.905609566322815,12.499714237504383,6.380338357427263,5.427012649525842,4.414361710054786,1.20331608105134,-1.20331608105134,-27.25911830719476,1.20331608105134,-1.20331608105134,-27.25911830719476,spatial_holdout_subset,1.3431000006676186,13.687198300000093,0.163121223449707
wall_attenuation,Residual AI,Wall/NLoS severity,27182,27182,42,fixed_root_model_across_measurement_seeds,1.0,not_applicable,450,7.017953016499472,7.358373116286222,7.126851424791608,9.85169772863008,14.711381389693148,6.936012069950039,7.038438253136833,4.414361710054786,2.6035913064446863,-2.6035913064446863,-58.98001743976647,2.6035913064446863,-2.6035913064446863,-58.98001743976647,spatial_holdout_subset,14.381799999682698,11.41880889999993,207.80677700042725
wall_attenuation,Geometric LS,Wall/NLoS severity,27182,27182,42,fixed_root_model_across_measurement_seeds,1.35,not_applicable,450,4.746955579829274,5.308724575364729,4.569911303938149,7.49963164144661,14.531980528412769,3.230539659028421,5.126059560029487,4.746955579829274,0.0,0.0,0.0,0.0,0.0,0.0,spatial_holdout_subset,2.7179000007890863,1.1000010999850929e-06,0.0006723403930664
wall_attenuation,KNN,Wall/NLoS severity,27182,27182,42,fixed_root_model_across_measurement_seeds,1.35,not_applicable,450,7.692156184210879,8.223240044010346,7.341156218512657,11.846867034408357,16.53924484501177,7.220531145683027,7.810062443842843,4.746955579829274,2.945200604381605,-2.945200604381605,-62.04398913898263,2.945200604381605,-2.945200604381605,-62.04398913898263,spatial_holdout_subset,1.4408000006369548,2.932251500000348,4.341403007507324
wall_attenuation,Direct AI,Wall/NLoS severity,27182,27182,42,fixed_root_model_across_measurement_seeds,1.35,not_applicable,450,5.372148714823896,5.865827526585195,5.279015075239701,8.4850438529014,12.6010419915518,6.380338357427263,5.1201013041730565,4.746955579829274,0.625193134994622,-0.625193134994622,-13.170402049919904,0.625193134994622,-0.625193134994622,-13.170402049919904,spatial_holdout_subset,1.3431000006676186,13.687198300000093,0.163121223449707
wall_attenuation,Residual AI,Wall/NLoS severity,27182,27182,42,fixed_root_model_across_measurement_seeds,1.35,not_applicable,450,7.12240021378295,7.474559937932968,7.324377528879317,9.932159617122773,15.40343358698678,6.936012069950039,7.16899724974118,4.746955579829274,2.375444633953676,-2.375444633953676,-50.0414337991153,2.375444633953676,-2.375444633953676,-50.0414337991153,spatial_holdout_subset,14.381799999682698,11.41880889999993,207.80677700042725
wall_attenuation,Geometric LS,Wall/NLoS severity,27182,27182,42,fixed_root_model_across_measurement_seeds,1.65,not_applicable,450,5.195531657666011,5.996571687312497,4.769666684654553,8.645419532629754,25.32665590084779,3.230539659028421,5.686779657325408,5.195531657666011,0.0,0.0,0.0,0.0,0.0,0.0,spatial_holdout_subset,2.7179000007890863,1.1000010999850929e-06,0.0006723403930664
wall_attenuation,KNN,Wall/NLoS severity,27182,27182,42,fixed_root_model_across_measurement_seeds,1.65,not_applicable,450,7.773702701279284,8.325764304872365,7.416946685723852,12.208786787904996,16.52378770911997,7.220531145683027,7.911995590178348,5.195531657666011,2.5781710436132723,-2.5781710436132723,-49.62285312628552,2.5781710436132723,-2.5781710436132723,-49.62285312628552,spatial_holdout_subset,1.4408000006369548,2.932251500000348,4.341403007507324
wall_attenuation,Direct AI,Wall/NLoS severity,27182,27182,42,fixed_root_model_across_measurement_seeds,1.65,not_applicable,450,5.208138095270476,5.704388270655928,5.045502017819322,8.310265037033004,12.659570730962429,6.380338357427263,4.915088029731279,5.195531657666011,0.0126064376044645,-0.0126064376044645,-0.2426399921144499,0.0126064376044645,-0.0126064376044645,-0.2426399921144499,spatial_holdout_subset,1.3431000006676186,13.687198300000093,0.163121223449707
wall_attenuation,Residual AI,Wall/NLoS severity,27182,27182,42,fixed_root_model_across_measurement_seeds,1.65,not_applicable,450,7.318673733332655,7.744214833605591,7.376628116024164,10.178651270731187,17.64572433117841,6.936012069950039,7.41433914917831,5.195531657666011,2.1231420756666437,-2.1231420756666437,-40.86477025953533,2.1231420756666437,-2.1231420756666437,-40.86477025953533,spatial_holdout_subset,14.381799999682698,11.41880889999993,207.80677700042725
anchor_failure,Geometric LS,random anchor failure,27182,27182,42,fixed_root_model_across_measurement_seeds,0.0,random,450,4.318450683208319,4.748582257567399,4.28193213410103,6.667421761836319,13.990203162602366,3.158640839224652,4.60438718214058,4.318450683208319,0.0,0.0,0.0,0.0,0.0,0.0,spatial_holdout_subset,2.7179000007890863,1.1000010999850929e-06,0.0006723403930664
anchor_failure,KNN,random anchor failure,27182,27182,42,fixed_root_model_across_measurement_seeds,0.0,random,450,7.600020980279151,8.13609921202663,7.280534359223142,11.858282785668536,16.113583746882185,7.101517416707589,7.722920750799563,4.318450683208319,3.2815702970708323,-3.2815702970708323,-75.98952813866212,3.2815702970708323,-3.2815702970708323,-75.98952813866212,spatial_holdout_subset,1.4408000006369548,2.932251500000348,4.341403007507324
anchor_failure,Direct AI,random anchor failure,27182,27182,42,fixed_root_model_across_measurement_seeds,0.0,random,450,5.55220036507803,6.049240319265803,5.52338649009722,8.70781017159714,13.192257418218492,6.34958161629994,5.355616067685372,4.318450683208319,1.2337496818697111,-1.2337496818697111,-28.569266442406565,1.2337496818697111,-1.2337496818697111,-28.569266442406565,spatial_holdout_subset,1.3431000006676186,13.687198300000093,0.163121223449707
anchor_failure,Residual AI,random anchor failure,27182,27182,42,fixed_root_model_across_measurement_seeds,0.0,random,450,6.982334341810385,7.318248984678228,7.118111139761471,9.80462241573407,14.711381389693148,6.882443029432044,7.006961285859341,4.318450683208319,2.6638836586020664,-2.6638836586020664,-61.6860965660717,2.6638836586020664,-2.6638836586020664,-61.6860965660717,spatial_holdout_subset,14.381799999682698,11.41880889999993,207.80677700042725
anchor_failure,Geometric LS,random anchor failure,27182,27182,42,fixed_root_model_across_measurement_seeds,1.0,random,450,4.539221719014184,5.275552722224638,4.193868138693804,6.921426735270989,14.897668234174107,3.4213550794438694,4.887943965177517,4.539221719014184,0.0,0.0,0.0,0.0,0.0,0.0,spatial_holdout_subset,2.7179000007890863,1.1000010999850929e-06,0.0006723403930664
anchor_failure,KNN,random anchor failure,27182,27182,42,fixed_root_model_across_measurement_seeds,1.0,random,450,8.940869918706428,9.208886866660698,9.031427343269431,11.746785260937902,14.57384617181973,8.954624468233376,8.93657914086566,4.539221719014184,4.401648199692244,-4.401648199692244,-96.96922671246344,4.401648199692244,-4.401648199692244,-96.96922671246344,spatial_holdout_subset,1.4408000006369548,2.932251500000348,4.341403007507324
anchor_failure,Direct AI,random anchor failure,27182,27182,42,fixed_root_model_across_measurement_seeds,1.0,random,450,8.296465218354282,8.882790758428674,8.025189892102293,12.861287094029231,16.34359951489468,6.940489190125656,8.719466486635515,4.539221719014184,3.757243499340098,-3.757243499340098,-82.7728569327538,3.757243499340098,-3.757243499340098,-82.7728569327538,spatial_holdout_subset,1.3431000006676186,13.687198300000093,0.163121223449707
anchor_failure,Residual AI,random anchor failure,27182,27182,42,fixed_root_model_across_measurement_seeds,1.0,random,450,8.214110414102523,8.589481688658143,8.196940394025077,11.255405933932288,15.710124823524554,8.262159712836208,8.199121274264316,4.539221719014184,3.674888695088339,-3.674888695088339,-80.95856344039616,3.674888695088339,-3.674888695088339,-80.95856344039616,spatial_holdout_subset,14.381799999682698,11.41880889999993,207.80677700042725
anchor_failure,Geometric LS,random anchor failure,27182,27182,42,fixed_root_model_across_measurement_seeds,2.0,random,450,4.076675698632012,4.700540202699119,3.968415701807909,6.357908235988851,14.95595424527446,3.396811112108627,4.307344040488159,4.076675698632012,0.0,0.0,0.0,0.0,0.0,0.0,spatial_holdout_subset,2.7179000007890863,1.1000010999850929e-06,0.0006723403930664
anchor_failure,KNN,random anchor failure,27182,27182,42,fixed_root_model_across_measurement_seeds,2.0,random,450,12.95086232094942,13.058955481014094,13.177629866335751,14.951968890214308,16.832141725327617,13.4875842627572,12.768760233550353,4.076675698632012,8.874186622317406,-8.874186622317406,-217.68193690990117,8.874186622317406,-8.874186622317406,-217.68193690990117,spatial_holdout_subset,1.4408000006369548,2.932251500000348,4.341403007507324
anchor_failure,Direct AI,random anchor failure,27182,27182,42,fixed_root_model_across_measurement_seeds,2.0,random,450,11.151933884294658,11.451045309862584,11.714111473474787,14.139827589647917,15.73984589963154,10.989461774300077,11.20705835018568,4.076675698632012,7.075258185662647,-7.075258185662647,-173.5545995978256,7.075258185662647,-7.075258185662647,-173.5545995978256,spatial_holdout_subset,1.3431000006676186,13.687198300000093,0.163121223449707
anchor_failure,Residual AI,random anchor failure,27182,27182,42,fixed_root_model_across_measurement_seeds,2.0,random,450,7.875451421232828,8.19632901346292,7.776369655737541,11.05703172403032,12.917190791694525,7.567348121744763,7.979986469273423,4.076675698632012,3.798775722600817,-3.798775722600817,-93.18317186416256,3.798775722600817,-3.798775722600817,-93.18317186416256,spatial_holdout_subset,14.381799999682698,11.41880889999993,207.80677700042725
anchor_failure,Geometric LS,random anchor failure,27182,27182,42,fixed_root_model_across_measurement_seeds,3.0,random,450,4.220086992843844,4.908499828413097,3.998840280882001,7.461183664487412,13.80956562342096,3.94822975953533,4.496820589081658,4.220086992843844,0.0,0.0,0.0,0.0,0.0,0.0,spatial_holdout_subset,2.7179000007890863,1.1000010999850929e-06,0.0006723403930664
anchor_failure,KNN,random anchor failure,27182,27182,42,fixed_root_model_across_measurement_seeds,3.0,random,450,12.009871757543948,12.148297988743854,12.304856853840132,14.19830227405802,15.92925306211788,11.985607406586563,12.034571343496076,4.220086992843844,7.789784764700104,-7.789784764700104,-184.58825085619156,7.789784764700104,-7.789784764700104,-184.58825085619156,spatial_holdout_subset,1.4408000006369548,2.932251500000348,4.341403007507324
anchor_failure,Direct AI,random anchor failure,27182,27182,42,fixed_root_model_across_measurement_seeds,3.0,random,450,17.684226200742227,17.881919718524664,17.742764610246496,21.016827548166653,23.2053302954328,16.34832724606839,19.044087468504383,4.220086992843844,13.464139207898384,-13.464139207898384,-319.04885446034683,13.464139207898384,-13.464139207898384,-319.04885446034683,spatial_holdout_subset,1.3431000006676186,13.687198300000093,0.163121223449707
anchor_failure,Residual AI,random anchor failure,27182,27182,42,fixed_root_model_across_measurement_seeds,3.0,random,450,8.315889238495876,8.552854687341505,8.400970708388172,10.85115727166176,16.68735912885527,7.658792567045239,8.984772397326797,4.220086992843844,4.095802245652032,-4.095802245652032,-97.05492452163745,4.095802245652032,-4.095802245652032,-97.05492452163745,spatial_holdout_subset,14.381799999682698,11.41880889999993,207.80677700042725
anchor_failure,Geometric LS,fixed_critical anchor failure,27182,27182,42,fixed_root_model_across_measurement_seeds,0.0,fixed_critical,450,4.318450683208319,4.748582257567399,4.28193213410103,6.667421761836319,13.990203162602366,3.158640839224652,4.60438718214058,4.318450683208319,0.0,0.0,0.0,0.0,0.0,0.0,spatial_holdout_subset,2.7179000007890863,1.1000010999850929e-06,0.0006723403930664
anchor_failure,KNN,fixed_critical anchor failure,27182,27182,42,fixed_root_model_across_measurement_seeds,0.0,fixed_critical,450,7.600020980279151,8.13609921202663,7.280534359223142,11.858282785668536,16.113583746882185,7.101517416707589,7.722920750799563,4.318450683208319,3.2815702970708323,-3.2815702970708323,-75.98952813866212,3.2815702970708323,-3.2815702970708323,-75.98952813866212,spatial_holdout_subset,1.4408000006369548,2.932251500000348,4.341403007507324
anchor_failure,Direct AI,fixed_critical anchor failure,27182,27182,42,fixed_root_model_across_measurement_seeds,0.0,fixed_critical,450,5.55220036507803,6.049240319265803,5.52338649009722,8.70781017159714,13.192257418218492,6.34958161629994,5.355616067685372,4.318450683208319,1.2337496818697111,-1.2337496818697111,-28.569266442406565,1.2337496818697111,-1.2337496818697111,-28.569266442406565,spatial_holdout_subset,1.3431000006676186,13.687198300000093,0.163121223449707
anchor_failure,Residual AI,fixed_critical anchor failure,27182,27182,42,fixed_root_model_across_measurement_seeds,0.0,fixed_critical,450,6.982334341810385,7.318248984678228,7.118111139761471,9.80462241573407,14.711381389693148,6.882443029432044,7.006961285859341,4.318450683208319,2.6638836586020664,-2.6638836586020664,-61.6860965660717,2.6638836586020664,-2.6638836586020664,-61.6860965660717,spatial_holdout_subset,14.381799999682698,11.41880889999993,207.80677700042725
anchor_failure,Geometric LS,fixed_critical anchor failure,27182,27182,42,fixed_root_model_across_measurement_seeds,1.0,fixed_critical,450,4.539221719014184,5.275552722224638,4.193868138693804,6.921426735270989,14.897668234174107,3.4213550794438694,4.887943965177517,4.539221719014184,0.0,0.0,0.0,0.0,0.0,0.0,spatial_holdout_subset,2.7179000007890863,1.1000010999850929e-06,0.0006723403930664
anchor_failure,KNN,fixed_critical anchor failure,27182,27182,42,fixed_root_model_across_measurement_seeds,1.0,fixed_critical,450,8.940869918706428,9.208886866660698,9.031427343269431,11.746785260937902,14.57384617181973,8.954624468233376,8.93657914086566,4.539221719014184,4.401648199692244,-4.401648199692244,-96.96922671246344,4.401648199692244,-4.401648199692244,-96.96922671246344,spatial_holdout_subset,1.4408000006369548,2.932251500000348,4.341403007507324
anchor_failure,Direct AI,fixed_critical anchor failure,27182,27182,42,fixed_root_model_across_measurement_seeds,1.0,fixed_critical,450,8.296465218354282,8.882790758428674,8.025189892102293,12.861287094029231,16.34359951489468,6.940489190125656,8.719466486635515,4.539221719014184,3.757243499340098,-3.757243499340098,-82.7728569327538,3.757243499340098,-3.757243499340098,-82.7728569327538,spatial_holdout_subset,1.3431000006676186,13.687198300000093,0.163121223449707
anchor_failure,Residual AI,fixed_critical anchor failure,27182,27182,42,fixed_root_model_across_measurement_seeds,1.0,fixed_critical,450,8.214110414102523,8.589481688658143,8.196940394025077,11.255405933932288,15.710124823524554,8.262159712836208,8.199121274264316,4.539221719014184,3.674888695088339,-3.674888695088339,-80.95856344039616,3.674888695088339,-3.674888695088339,-80.95856344039616,spatial_holdout_subset,14.381799999682698,11.41880889999993,207.80677700042725
anchor_failure,Geometric LS,fixed_critical anchor failure,27182,27182,42,fixed_root_model_across_measurement_seeds,2.0,fixed_critical,450,4.134615796083283,4.748855190258476,3.9891816832199503,6.882937727853122,14.824357752057471,3.6542450603343615,4.522384944217953,4.134615796083283,0.0,0.0,0.0,0.0,0.0,0.0,spatial_holdout_subset,2.7179000007890863,1.1000010999850929e-06,0.0006723403930664
anchor_failure,KNN,fixed_critical anchor failure,27182,27182,42,fixed_root_model_across_measurement_seeds,2.0,fixed_critical,450,10.948418524379454,11.132597811530932,10.723991216360044,13.82977807849269,16.6245539633532,12.113840614840283,10.007656114007457,4.134615796083283,6.813802728296171,-6.813802728296171,-164.79893330719818,6.813802728296171,-6.813802728296171,-164.79893330719818,spatial_holdout_subset,1.4408000006369548,2.932251500000348,4.341403007507324
anchor_failure,Direct AI,fixed_critical anchor failure,27182,27182,42,fixed_root_model_across_measurement_seeds,2.0,fixed_critical,450,19.18212884625721,19.263807188203,19.025280024183168,21.642973247839915,23.36029823971439,18.22365258499172,19.955838599326945,4.134615796083283,15.047513050173928,-15.047513050173928,-363.93981429733856,15.047513050173928,-15.047513050173928,-363.93981429733856,spatial_holdout_subset,1.3431000006676186,13.687198300000093,0.163121223449707
anchor_failure,Residual AI,fixed_critical anchor failure,27182,27182,42,fixed_root_model_across_measurement_seeds,2.0,fixed_critical,450,8.522251518373551,8.808516169888831,8.808021485327995,11.15840320381731,14.19843938877985,8.074862266371632,8.883397059146185,4.134615796083283,4.387635722290268,-4.387635722290268,-106.11955109460644,4.387635722290268,-4.387635722290268,-106.11955109460644,spatial_holdout_subset,14.381799999682698,11.41880889999993,207.80677700042725
